Date,Adj Close
1994-11-16,3.835704803466797
1994-11-17,3.8956334590911865
1994-11-18,3.95556902885437
1994-11-21,3.8656692504882812
1994-11-22,3.6858713626861572
1994-11-23,3.6559040546417236
1994-11-25,3.7158384323120117
1994-11-28,3.6559040546417236
1994-11-29,3.6858713626861572
1994-11-30,3.6559040546417236
1994-12-01,3.5360395908355713
1994-12-02,3.5360395908355713
1994-12-05,3.5360395908355713
1994-12-06,3.506072759628296
1994-12-07,3.4761061668395996
1994-12-08,3.446141004562378
1994-12-09,3.3562419414520264
1994-12-12,3.4161734580993652
1994-12-13,3.3862056732177734
1994-12-14,3.446141004562378
1994-12-15,3.4761061668395996
1994-12-16,3.6858713626861572
1994-12-19,3.6259398460388184
1994-12-20,3.6259398460388184
1994-12-21,3.7158384323120117
1994-12-22,3.7458043098449707
1994-12-23,3.835704803466797
1994-12-27,3.8656692504882812
1994-12-28,3.8656692504882812
1994-12-29,3.835704803466797
1994-12-30,3.835704803466797
1995-01-03,3.835704803466797
1995-01-04,3.8656692504882812
1995-01-05,3.8656692504882812
1995-01-06,3.7757694721221924
1995-01-09,3.7757694721221924
1995-01-10,3.805736780166626
1995-01-11,3.7757694721221924
1995-01-12,3.7757694721221924
1995-01-13,3.7757694721221924
1995-01-16,3.835704803466797
1995-01-17,3.835704803466797
1995-01-18,3.7757694721221924
1995-01-19,3.7458043098449707
1995-01-20,3.7158384323120117
1995-01-23,3.7158384323120117
1995-01-24,3.7458043098449707
1995-01-25,3.8656692504882812
1995-01-26,3.835704803466797
1995-01-27,3.8656692504882812
1995-01-30,3.8656692504882812
1995-01-31,3.88065505027771
1995-02-01,3.9256045818328857
1995-02-02,4.015501022338867
1995-02-03,4.015501022338867
1995-02-06,4.015501022338867
1995-02-07,3.9855363368988037
1995-02-08,4.075436115264893
1995-02-09,4.165335178375244
1995-02-10,4.105400562286377
1995-02-13,4.045468330383301
1995-02-14,3.9256045818328857
1995-02-15,4.105400562286377
1995-02-16,4.075436115264893
1995-02-17,4.075436115264893
1995-02-21,4.105400562286377
1995-02-22,4.165335178375244
1995-02-23,4.165335178375244
1995-02-24,4.105400562286377
1995-02-27,4.075436115264893
1995-02-28,4.3750996589660645
1995-03-01,4.644796848297119
1995-03-02,4.764665603637695
1995-03-03,4.644796848297119
1995-03-06,4.524931907653809
1995-03-07,4.554897785186768
1995-03-08,4.584863662719727
1995-03-09,4.584863662719727
1995-03-10,4.524931907653809
1995-03-13,4.524931907653809
1995-03-14,4.644796848297119
1995-03-15,4.644796848297119
1995-03-16,4.494966506958008
1995-03-17,4.464998245239258
1995-03-20,4.584863662719727
1995-03-21,4.494966506958008
1995-03-22,4.554897785186768
1995-03-23,4.494966506958008
1995-03-24,4.494966506958008
1995-03-27,4.644796848297119
1995-03-28,4.614830493927002
1995-03-29,4.554897785186768
1995-03-30,4.584863662719727
1995-03-31,4.584863662719727
1995-04-03,4.584863662719727
1995-04-04,4.524931907653809
1995-04-05,4.464998245239258
1995-04-06,4.494966506958008
1995-04-07,4.3750996589660645
1995-04-10,4.584863662719727
1995-04-11,4.584863662719727
1995-04-12,4.764665603637695
1995-04-13,4.884527683258057
1995-04-17,4.884527683258057
1995-04-18,4.854561805725098
1995-04-19,4.7346954345703125
1995-04-20,4.794628620147705
1995-04-21,4.7346954345703125
1995-04-24,4.764665603637695
1995-04-25,4.7346954345703125
1995-04-26,4.794628620147705
1995-04-27,4.8245978355407715
1995-04-28,4.8245978355407715
1995-05-01,4.674761772155762
1995-05-02,4.8245978355407715
1995-05-03,4.944460868835449
1995-05-04,4.903547763824463
1995-05-05,4.963715076446533
1995-05-08,5.023881912231445
1995-05-09,5.174297332763672
1995-05-10,5.204380035400391
1995-05-11,5.174297332763672
1995-05-12,5.174297332763672
1995-05-15,5.114129543304443
1995-05-16,5.294630527496338
1995-05-17,5.264545440673828
1995-05-18,5.144211292266846
1995-05-19,5.023881912231445
1995-05-22,5.114129543304443
1995-05-23,5.234463691711426
1995-05-24,5.234463691711426
1995-05-25,5.144211292266846
1995-05-26,5.174297332763672
1995-05-30,5.053964138031006
1995-05-31,5.053964138031006
1995-06-01,5.174297332763672
1995-06-02,5.294630527496338
1995-06-05,5.294630527496338
1995-06-06,5.204380035400391
1995-06-07,5.084049224853516
1995-06-08,5.053964138031006
1995-06-09,4.993800640106201
1995-06-12,4.963715076446533
1995-06-13,5.114129543304443
1995-06-14,5.084049224853516
1995-06-15,5.144211292266846
1995-06-16,5.234463691711426
1995-06-19,5.294630527496338
1995-06-20,5.324714660644531
1995-06-21,5.294630527496338
1995-06-22,5.264545440673828
1995-06-23,5.294630527496338
1995-06-26,5.174297332763672
1995-06-27,4.8734660148620605
1995-06-28,4.813299179077148
1995-06-29,4.8734660148620605
1995-06-30,4.723051071166992
1995-07-03,4.753131866455078
1995-07-05,4.8433837890625
1995-07-06,5.023881912231445
1995-07-07,5.114129543304443
1995-07-10,5.384876728057861
1995-07-11,5.384876728057861
1995-07-12,5.475128173828125
1995-07-13,5.354794502258301
1995-07-14,5.144211292266846
1995-07-17,5.204380035400391
1995-07-18,5.204380035400391
1995-07-19,5.234463691711426
1995-07-20,5.414961814880371
1995-07-21,5.44504451751709
1995-07-24,5.475128173828125
1995-07-25,5.595460891723633
1995-07-26,5.565378189086914
1995-07-27,5.685709476470947
1995-07-28,5.7759599685668945
1995-07-31,5.715791702270508
1995-08-01,5.715791702270508
1995-08-02,5.715791702270508
1995-08-03,5.655629634857178
1995-08-04,5.705131530761719
1995-08-07,5.886245250701904
1995-08-08,5.735317230224609
1995-08-09,5.705131530761719
1995-08-10,5.493832111358643
1995-08-11,5.584387302398682
1995-08-14,5.705131530761719
1995-08-15,5.735317230224609
1995-08-16,6.037176132202148
1995-08-17,6.1277360916137695
1995-08-18,6.248478889465332
1995-08-21,6.248478889465332
1995-08-22,6.218293190002441
1995-08-23,6.2786641120910645
1995-08-24,6.248478889465332
1995-08-25,6.248478889465332
1995-08-28,6.097548484802246
1995-08-29,6.157921314239502
1995-08-30,6.3088483810424805
1995-08-31,6.2786641120910645
1995-09-01,6.5201520919799805
1995-09-05,6.671081066131592
1995-09-06,6.5805206298828125
1995-09-07,6.731452465057373
1995-09-08,6.82200813293457
1995-09-11,6.912564754486084
1995-09-12,6.882380962371826
1995-09-13,6.942755222320557
1995-09-14,7.123870372772217
1995-09-15,7.003126621246338
1995-09-18,6.671081066131592
1995-09-19,6.550337791442871
1995-09-20,6.671081066131592
1995-09-21,6.852194786071777
1995-09-22,6.852194786071777
1995-09-25,6.640896320343018
1995-09-26,6.640896320343018
1995-09-27,6.459778308868408
1995-09-28,6.610707759857178
1995-09-29,7.093683242797852
1995-10-02,6.912564754486084
1995-10-03,6.82200813293457
1995-10-04,6.791824817657471
1995-10-05,6.942755222320557
1995-10-06,6.882380962371826
1995-10-09,6.731452465057373
1995-10-10,6.550337791442871
1995-10-11,6.5805206298828125
1995-10-12,6.610707759857178
1995-10-13,6.942755222320557
1995-10-16,6.882380962371826
1995-10-17,6.701263427734375
1995-10-18,6.429594993591309
1995-10-19,6.550337791442871
1995-10-20,6.399406909942627
1995-10-23,6.429594993591309
1995-10-24,6.339034080505371
1995-10-25,6.1277360916137695
1995-10-26,6.157921314239502
1995-10-27,6.339034080505371
1995-10-30,6.1277360916137695
1995-10-31,5.916433811187744
1995-11-01,6.188107490539551
1995-11-02,6.36922025680542
1995-11-03,6.3885979652404785
1995-11-06,6.449155330657959
1995-11-07,6.418878078460693
1995-11-08,6.539988040924072
1995-11-09,6.570267677307129
1995-11-10,6.449155330657959
1995-11-13,6.418878078460693
1995-11-14,6.297767639160156
1995-11-15,6.085823059082031
1995-11-16,6.17665433883667
1995-11-17,6.116099834442139
1995-11-20,5.964709281921387
1995-11-21,5.783046245574951
1995-11-22,5.692212104797363
1995-11-24,5.783046245574951
1995-11-27,5.722492218017578
1995-11-28,5.692212104797363
1995-11-29,5.752765655517578
1995-11-30,6.116099834442139
1995-12-01,6.206934452056885
1995-12-04,6.3885979652404785
1995-12-05,6.479434013366699
1995-12-06,6.3280415534973145
1995-12-07,6.237211227416992
1995-12-08,6.146376609802246
1995-12-11,6.17665433883667
1995-12-12,6.055542945861816
1995-12-13,6.025267124176025
1995-12-14,5.692212104797363
1995-12-15,5.722492218017578
1995-12-18,5.601378917694092
1995-12-19,5.783046245574951
1995-12-20,5.661933422088623
1995-12-21,5.783046245574951
1995-12-22,5.873876571655273
1995-12-26,5.873876571655273
1995-12-27,5.843600273132324
1995-12-28,5.722492218017578
1995-12-29,5.783046245574951
1996-01-02,5.661933422088623
1996-01-03,5.9041547775268555
1996-01-04,5.722492218017578
1996-01-05,5.752765655517578
1996-01-08,5.843600273132324
1996-01-09,5.783046245574951
1996-01-10,5.4499897956848145
1996-01-11,5.571103096008301
1996-01-12,5.419711112976074
1996-01-15,5.2986016273498535
1996-01-16,5.389434814453125
1996-01-17,5.783046245574951
1996-01-18,5.934434413909912
1996-01-19,6.055542945861816
1996-01-22,6.206934452056885
1996-01-23,6.3280415534973145
1996-01-24,6.055542945861816
1996-01-25,6.449155330657959
1996-01-26,6.358320236206055
1996-01-29,6.297767639160156
1996-01-30,6.297767639160156
1996-01-31,6.509707927703857
1996-02-01,6.479434013366699
1996-02-02,6.620342254638672
1996-02-05,6.43812894821167
1996-02-06,6.316658020019531
1996-02-07,6.3773932456970215
1996-02-08,6.43812894821167
1996-02-09,6.529234409332275
1996-02-12,6.468501567840576
1996-02-13,6.711449146270752
1996-02-14,6.711449146270752
1996-02-15,6.529234409332275
1996-02-16,6.498871326446533
1996-02-20,6.316658020019531
1996-02-21,6.347022533416748
1996-02-22,6.498871326446533
1996-02-23,6.620342254638672
1996-02-26,6.559605598449707
1996-02-27,6.407763481140137
1996-02-28,6.468501567840576
1996-02-29,6.498871326446533
1996-03-01,6.407763481140137
1996-03-04,6.498871326446533
1996-03-05,6.498871326446533
1996-03-06,6.43812894821167
1996-03-07,6.3773932456970215
1996-03-08,5.861130237579346
1996-03-11,6.07370662689209
1996-03-12,6.012971878051758
1996-03-13,5.952236175537109
1996-03-14,6.10407829284668
1996-03-15,6.012971878051758
1996-03-18,6.316658020019531
1996-03-19,6.620342254638672
1996-03-20,6.772188186645508
1996-03-21,6.559605598449707
1996-03-22,6.681083679199219
1996-03-25,6.711449146270752
1996-03-26,6.559605598449707
1996-03-27,6.620342254638672
1996-03-28,6.6507110595703125
1996-03-29,6.681083679199219
1996-04-01,6.9240264892578125
1996-04-02,6.711449146270752
1996-04-03,6.711449146270752
1996-04-04,6.6507110595703125
1996-04-08,6.468501567840576
1996-04-09,6.3773932456970215
1996-04-10,6.3773932456970215
1996-04-11,6.07370662689209
1996-04-12,6.255920886993408
1996-04-15,6.164814472198486
1996-04-16,6.10407829284668
1996-04-17,6.286287784576416
1996-04-18,6.681083679199219
1996-04-19,6.620342254638672
1996-04-22,6.620342254638672
1996-04-23,6.9240264892578125
1996-04-24,6.893659591674805
1996-04-25,6.863290309906006
1996-04-26,7.278698921203613
1996-04-29,7.339600563049316
1996-04-30,7.187331199645996
1996-05-01,7.248241901397705
1996-05-02,7.035053730010986
1996-05-03,7.004599571228027
1996-05-06,6.7609639167785645
1996-05-07,6.6391448974609375
1996-05-08,6.79141902923584
1996-05-09,6.7305097579956055
1996-05-10,7.065514087677002
1996-05-13,7.21778678894043
1996-05-14,7.187331199645996
1996-05-15,7.095965385437012
1996-05-16,6.943692207336426
1996-05-17,7.035053730010986
1996-05-20,7.187331199645996
1996-05-21,7.461422443389893
1996-05-22,7.735518932342529
1996-05-23,7.735518932342529
1996-05-24,7.8268818855285645
1996-05-28,7.583245754241943
1996-05-29,7.370058536529541
1996-05-30,7.461422443389893
1996-05-31,7.400513172149658
1996-06-03,7.430968284606934
1996-06-04,7.461422443389893
1996-06-05,7.461422443389893
1996-06-06,7.370058536529541
1996-06-07,7.339600563049316
1996-06-10,7.339600563049316
1996-06-11,7.3091511726379395
1996-06-12,7.035053730010986
1996-06-13,7.065514087677002
1996-06-14,7.21778678894043
1996-06-17,7.21778678894043
1996-06-18,7.55279016494751
1996-06-19,7.400513172149658
1996-06-20,7.126422882080078
1996-06-21,7.065514087677002
1996-06-24,7.065514087677002
1996-06-25,7.004599571228027
1996-06-26,6.974142551422119
1996-06-27,7.004599571228027
1996-06-28,6.943692207336426
1996-07-01,7.065514087677002
1996-07-02,7.065514087677002
1996-07-03,7.095965385437012
1996-07-05,6.974142551422119
1996-07-08,6.7305097579956055
1996-07-09,6.7305097579956055
1996-07-10,6.6391448974609375
1996-07-11,6.425961971282959
1996-07-12,6.486871242523193
1996-07-15,6.365050792694092
1996-07-16,6.304140567779541
1996-07-17,6.608691215515137
1996-07-18,6.974142551422119
1996-07-19,6.974142551422119
1996-07-22,6.974142551422119
1996-07-23,6.974142551422119
1996-07-24,6.943692207336426
1996-07-25,7.095965385437012
1996-07-26,7.1568756103515625
1996-07-29,7.004599571228027
1996-07-30,7.035053730010986
1996-07-31,7.035053730010986
1996-08-01,7.14622163772583
1996-08-02,7.48215389251709
1996-08-05,7.451613903045654
1996-08-06,7.512691974639893
1996-08-07,7.390534400939941
1996-08-08,7.298922061920166
1996-08-09,7.390534400939941
1996-08-12,7.665389537811279
1996-08-13,7.451613903045654
1996-08-14,7.665389537811279
1996-08-15,7.695931911468506
1996-08-16,7.757009983062744
1996-08-19,7.78754997253418
1996-08-20,7.543234825134277
1996-08-21,7.573774337768555
1996-08-22,7.665389537811279
1996-08-23,7.695931911468506
1996-08-26,7.512691974639893
1996-08-27,7.604313850402832
1996-08-28,7.543234825134277
1996-08-29,7.421073913574219
1996-08-30,7.359992980957031
1996-09-03,7.20729923248291
1996-09-04,7.359992980957031
1996-09-05,7.054599761962891
1996-09-06,7.268380641937256
1996-09-09,7.298922061920166
1996-09-10,7.451613903045654
1996-09-11,7.543234825134277
1996-09-12,7.451613903045654
1996-09-13,7.512691974639893
1996-09-16,7.451613903045654
1996-09-17,7.268380641937256
1996-09-18,7.1156792640686035
1996-09-19,7.176758289337158
1996-09-20,7.176758289337158
1996-09-23,7.054599761962891
1996-09-24,6.96298360824585
1996-09-25,7.176758289337158
1996-09-26,7.237838268280029
1996-09-27,7.268380641937256
1996-09-30,7.298922061920166
1996-10-01,7.298922061920166
1996-10-02,7.390534400939941
1996-10-03,7.48215389251709
1996-10-04,7.695931911468506
1996-10-07,7.634851455688477
1996-10-08,7.726470947265625
1996-10-09,7.78754997253418
1996-10-10,7.665389537811279
1996-10-11,7.818088054656982
1996-10-14,7.90971040725708
1996-10-15,8.276174545288086
1996-10-16,8.184564590454102
1996-10-17,8.306718826293945
1996-10-18,8.276174545288086
1996-10-21,8.21509838104248
1996-10-22,8.123478889465332
1996-10-23,8.062399864196777
1996-10-24,8.062399864196777
1996-10-25,8.092942237854004
1996-10-28,8.031861305236816
1996-10-29,7.90971040725708
1996-10-30,7.78754997253418
1996-10-31,7.604313850402832
1996-11-01,7.654526233673096
1996-11-04,7.715764045715332
1996-11-05,8.052558898925781
1996-11-06,8.113798141479492
1996-11-07,8.113798141479492
1996-11-08,8.236268997192383
1996-11-11,8.297502517700195
1996-11-12,8.511832237243652
1996-11-13,8.481212615966797
1996-11-14,8.66491985321045
1996-11-15,8.66491985321045
1996-11-18,8.90986442565918
1996-11-19,8.450597763061523
1996-11-20,8.634305000305176
1996-11-21,8.695540428161621
1996-11-22,8.756775856018066
1996-11-25,8.879247665405273
1996-11-26,8.726156234741211
1996-11-27,8.756775856018066
1996-11-29,8.848627090454102
1996-12-02,8.97110366821289
1996-12-03,8.818013191223145
1996-12-04,8.57306957244873
1996-12-05,8.57306957244873
1996-12-06,8.450597763061523
1996-12-09,8.450597763061523
1996-12-10,8.542450904846191
1996-12-11,8.328125
1996-12-12,8.358739852905273
1996-12-13,8.511832237243652
1996-12-16,8.634305000305176
1996-12-17,8.481212615966797
1996-12-18,8.481212615966797
1996-12-19,8.57306957244873
1996-12-20,8.634305000305176
1996-12-23,8.756775856018066
1996-12-24,8.818013191223145
1996-12-26,8.879247665405273
1996-12-27,8.818013191223145
1996-12-30,8.879247665405273
1996-12-31,8.818013191223145
1997-01-02,8.389361381530762
1997-01-03,8.450597763061523
1997-01-06,8.4199800491333
1997-01-07,8.328125
1997-01-08,8.450597763061523
1997-01-09,8.4199800491333
1997-01-10,8.542450904846191
1997-01-13,8.481212615966797
1997-01-14,8.481212615966797
1997-01-15,8.266884803771973
1997-01-16,8.144412994384766
1997-01-17,8.205656051635742
1997-01-20,9.399760246276855
1997-01-21,9.552846908569336
1997-01-22,9.76717472076416
1997-01-23,10.01212215423584
1997-01-24,10.042736053466797
1997-01-27,9.859026908874512
1997-01-28,9.950881958007812
1997-01-29,9.552846908569336
1997-01-30,9.70594310760498
1997-01-31,9.81761646270752
1997-02-03,9.81761646270752
1997-02-04,9.81761646270752
1997-02-05,9.94033145904541
1997-02-06,10.001692771911621
1997-02-07,10.093727111816406
1997-02-10,10.155095100402832
1997-02-11,10.247135162353516
1997-02-12,10.339170455932617
1997-02-13,10.369860649108887
1997-02-14,10.707335472106934
1997-02-18,10.615293502807617
1997-02-19,10.461894035339355
1997-02-20,9.878971099853516
1997-02-21,10.032371520996094
1997-02-24,10.124412536621094
1997-02-25,10.001692771911621
1997-02-26,9.971013069152832
1997-02-27,9.878971099853516
1997-02-28,9.756248474121094
1997-03-03,9.84829330444336
1997-03-04,9.756248474121094
1997-03-05,9.81761646270752
1997-03-06,9.81761646270752
1997-03-07,9.971013069152832
1997-03-10,9.94033145904541
1997-03-11,10.124412536621094
1997-03-12,9.94033145904541
1997-03-13,9.694891929626465
1997-03-14,9.60285758972168
1997-03-17,9.204011917114258
1997-03-18,9.111967086791992
1997-03-19,9.173332214355469
1997-03-20,9.265376091003418
1997-03-21,9.480134010314941
1997-03-24,9.633535385131836
1997-03-25,9.694891929626465
1997-03-26,9.725573539733887
1997-03-27,9.449454307556152
1997-03-31,9.142650604248047
1997-04-01,9.081294059753418
1997-04-02,8.467693328857422
1997-04-03,8.314289093017578
1997-04-04,8.406330108642578
1997-04-07,8.590412139892578
1997-04-08,8.590412139892578
1997-04-09,8.529046058654785
1997-04-10,8.467693328857422
1997-04-11,8.222250938415527
1997-04-14,8.130210876464844
1997-04-15,8.222250938415527
1997-04-16,8.160883903503418
1997-04-17,8.314289093017578
1997-04-18,8.529046058654785
1997-04-21,8.651771545410156
1997-04-22,8.621088981628418
1997-04-23,8.498371124267578
1997-04-24,8.467693328857422
1997-04-25,8.406330108642578
1997-04-28,8.344971656799316
1997-04-29,8.559732437133789
1997-04-30,8.866530418395996
1997-05-01,9.019933700561523
1997-05-02,9.254838943481445
1997-05-05,9.254838943481445
1997-05-06,9.131847381591797
1997-05-07,9.039608001708984
1997-05-08,9.070362091064453
1997-05-09,9.347079277038574
1997-05-12,9.470067024230957
1997-05-13,9.685296058654785
1997-05-14,9.808283805847168
1997-05-15,8.947369575500488
1997-05-16,8.609153747558594
1997-05-19,8.516913414001465
1997-05-20,8.516913414001465
1997-05-21,8.178693771362305
1997-05-22,7.71748685836792
1997-05-23,8.02496337890625
1997-05-27,7.748237609863281
1997-05-28,7.778984069824219
1997-05-29,7.778984069824219
1997-05-30,7.901972770690918
1997-06-02,7.932716369628906
1997-06-03,8.178693771362305
1997-06-04,7.778984069824219
1997-06-05,7.71748685836792
1997-06-06,7.809731483459473
1997-06-09,7.809731483459473
1997-06-10,7.901972770690918
1997-06-11,8.270933151245117
1997-06-12,8.363177299499512
1997-06-13,8.609153747558594
1997-06-16,8.42466926574707
1997-06-17,8.301685333251953
1997-06-18,8.67065143585205
1997-06-19,8.885878562927246
1997-06-20,9.10110092163086
1997-06-23,8.885878562927246
1997-06-24,8.90124797821045
1997-06-25,8.916618347167969
1997-06-26,8.885878562927246
1997-06-27,8.978117942810059
1997-06-30,9.285582542419434
1997-07-01,9.331707954406738
1997-07-02,9.654549598693848
1997-07-03,9.931273460388184
1997-07-07,9.36245346069336
1997-07-08,8.701395034790039
1997-07-09,8.301685333251953
1997-07-10,8.409297943115234
1997-07-11,8.609153747558594
1997-07-14,8.655269622802734
1997-07-15,8.409297943115234
1997-07-16,8.240193367004395
1997-07-17,8.240193367004395
1997-07-18,8.07107925415039
1997-07-21,8.240193367004395
1997-07-22,8.7936372756958
1997-07-23,8.73214054107666
1997-07-24,8.67065143585205
1997-07-25,8.547657012939453
1997-07-28,8.593778610229492
1997-07-29,8.931998252868652
1997-07-30,9.10110092163086
1997-07-31,9.054984092712402
1997-08-01,8.812788009643555
1997-08-04,8.905230522155762
1997-08-05,8.951452255249023
1997-08-06,9.24417781829834
1997-08-07,9.24417781829834
1997-08-08,8.966854095458984
1997-08-11,9.151738166809082
1997-08-12,9.028484344482422
1997-08-13,8.87441349029541
1997-08-14,8.781974792480469
1997-08-15,8.812788009643555
1997-08-18,8.62790298461914
1997-08-19,9.6139497756958
1997-08-20,8.966854095458984
1997-08-21,9.891275405883789
1997-08-22,9.675581932067871
1997-08-25,9.583137512207031
1997-08-26,9.321221351623535
1997-08-27,9.228775978088379
1997-08-28,9.706387519836426
1997-08-29,9.52150821685791
1997-09-02,9.629356384277344
1997-09-03,9.6139497756958
1997-09-04,9.66016674041748
1997-09-05,9.6139497756958
1997-09-08,9.598540306091309
1997-09-09,9.506098747253418
1997-09-10,9.305809020996094
1997-09-11,9.336621284484863
1997-09-12,9.213372230529785
1997-09-15,9.336621284484863
1997-09-16,9.783426284790039
1997-09-17,10.10697078704834
1997-09-18,10.10697078704834
1997-09-19,10.368885040283203
1997-09-22,10.35348892211914
1997-09-23,10.692439079284668
1997-09-24,10.954355239868164
1997-09-25,10.723251342773438
1997-09-26,11.015981674194336
1997-09-29,11.17005443572998
1997-09-30,11.277899742126465
1997-10-01,11.308713912963867
1997-10-02,11.23167896270752
1997-10-03,11.401152610778809
1997-10-06,11.509000778198242
1997-10-07,11.49360179901123
1997-10-08,11.339529991149902
1997-10-09,11.43197250366211
1997-10-10,11.354939460754395
1997-10-13,11.60144329071045
1997-10-14,11.72470760345459
1997-10-15,11.539820671081543
1997-10-16,12.017436981201172
1997-10-17,11.832555770874023
1997-10-20,11.755517959594727
1997-10-21,11.894176483154297
1997-10-22,11.847960472106934
1997-10-23,11.60144329071045
1997-10-24,11.709295272827148
1997-10-27,10.908132553100586
1997-10-28,11.123832702636719
1997-10-29,11.539820671081543
1997-10-30,11.093018531799316
1997-10-31,11.267119407653809
1997-11-03,11.375164031982422
1997-11-04,11.189946174621582
1997-11-05,11.544939994812012
1997-11-06,11.683846473693848
1997-11-07,11.48320198059082
1997-11-10,11.421462059020996
1997-11-11,11.436896324157715
1997-11-12,11.22081470489502
1997-11-13,11.02016830444336
1997-11-14,10.896693229675293
1997-11-17,11.251688003540039
1997-11-18,11.359724044799805
1997-11-19,11.48320198059082
1997-11-20,11.699283599853516
1997-11-21,11.544939994812012
1997-11-24,11.297985076904297
1997-11-25,11.174508094787598
1997-11-26,11.267119407653809
1997-11-28,11.189946174621582
1997-12-01,11.49863338470459
1997-12-02,11.714717864990234
1997-12-03,11.869061470031738
1997-12-04,11.89992618560791
1997-12-05,11.946234703063965
1997-12-08,12.085138320922852
1997-12-09,11.93079662322998
1997-12-10,11.637543678283691
1997-12-11,11.514065742492676
1997-12-12,11.683846473693848
1997-12-15,11.93079662322998
1997-12-16,12.28579044342041
1997-12-17,11.93079662322998
1997-12-18,12.085138320922852
1997-12-19,11.961662292480469
1997-12-22,12.40926742553711
1997-12-23,12.826000213623047
1997-12-24,12.73338794708252
1997-12-26,12.795125961303711
1997-12-29,12.918604850769043
1997-12-30,13.304458618164062
1997-12-31,13.381627082824707
1998-01-02,13.397065162658691
1998-01-05,13.335334777832031
1998-01-06,13.443368911743164
1998-01-07,13.088374137878418
1998-01-08,13.103811264038086
1998-01-09,12.918604850769043
1998-01-12,13.057512283325195
1998-01-13,13.319894790649414
1998-01-14,13.597716331481934
1998-01-15,14.708992004394531
1998-01-16,14.739861488342285
1998-01-20,15.002241134643555
1998-01-21,14.786165237426758
1998-01-22,14.338561058044434
1998-01-23,14.13791561126709
1998-01-26,14.647259712219238
1998-01-27,15.20288372039795
1998-01-28,15.573320388793945
1998-01-29,16.128957748413086
1998-01-30,16.082656860351562
1998-02-02,16.345041275024414
1998-02-03,16.051788330078125
1998-02-04,16.082656860351562
1998-02-05,15.90153980255127
1998-02-06,15.978812217712402
1998-02-09,16.56603240966797
1998-02-10,16.627845764160156
1998-02-11,16.50422477722168
1998-02-12,16.318782806396484
1998-02-13,16.040616989135742
1998-02-17,16.844194412231445
1998-02-18,17.18416976928711
1998-02-19,17.32324981689453
1998-02-20,17.168718338012695
1998-02-23,16.720579147338867
1998-02-24,16.73603057861328
1998-02-25,16.674209594726562
1998-02-26,16.674209594726562
1998-02-27,16.61240005493164
1998-03-02,16.56603240966797
1998-03-03,16.56603240966797
1998-03-04,16.287874221801758
1998-03-05,15.963359832763672
1998-03-06,17.07599449157715
1998-03-09,17.091449737548828
1998-03-10,17.616857528686523
1998-03-11,18.343172073364258
1998-03-12,19.115846633911133
1998-03-13,19.208566665649414
1998-03-16,18.992218017578125
1998-03-17,18.914947509765625
1998-03-18,19.084941864013672
1998-03-19,19.13129425048828
1998-03-20,19.084941864013672
1998-03-23,18.82223892211914
1998-03-24,19.146753311157227
1998-03-25,18.914947509765625
1998-03-26,19.965784072875977
1998-03-27,19.37855339050293
1998-03-30,19.548538208007812
1998-03-31,19.502182006835938
1998-04-01,20.970247268676758
1998-04-02,20.954801559448242
1998-04-03,21.572940826416016
1998-04-06,22.021087646484375
1998-04-07,21.742929458618164
1998-04-08,21.34113311767578
1998-04-09,21.681114196777344
1998-04-13,22.345611572265625
1998-04-14,22.25288200378418
1998-04-15,21.820194244384766
1998-04-16,24.060937881469727
1998-04-17,24.648164749145508
1998-04-20,24.601806640625
1998-04-21,24.941770553588867
1998-04-22,25.760801315307617
1998-04-23,24.632707595825195
1998-04-24,23.968198776245117
1998-04-27,22.592863082885742
1998-04-28,22.685585021972656
1998-04-29,22.77830696105957
1998-04-30,23.751861572265625
1998-05-01,23.921857833862305
1998-05-04,24.20001220703125
1998-05-05,24.034221649169922
1998-05-06,23.384641647338867
1998-05-07,23.15265464782715
1998-05-08,23.539295196533203
1998-05-11,23.616634368896484
1998-05-12,23.755823135375977
1998-05-13,24.405405044555664
1998-05-14,24.498201370239258
1998-05-15,24.482725143432617
1998-05-18,24.900310516357422
1998-05-19,24.96218490600586
1998-05-20,25.0704345703125
1998-05-21,25.302427291870117
1998-05-22,25.163232803344727
1998-05-26,24.498201370239258
1998-05-27,24.60645866394043
1998-05-28,24.43633460998535
1998-05-29,24.699256896972656
1998-06-01,24.60645866394043
1998-06-02,24.637388229370117
1998-06-03,24.884855270385742
1998-06-04,25.1787166595459
1998-06-05,25.364299774169922
1998-06-08,25.271507263183594
1998-06-09,25.225109100341797
1998-06-10,25.085908889770508
1998-06-11,24.99310874938965
1998-06-12,25.58081817626953
1998-06-15,25.054967880249023
1998-06-16,25.054967880249023
1998-06-17,25.797346115112305
1998-06-18,26.508779525756836
1998-06-19,26.075725555419922
1998-06-22,26.89543914794922
1998-06-23,27.359397888183594
1998-06-24,28.426565170288086
1998-06-25,28.68950653076172
1998-06-26,28.921483993530273
1998-06-29,29.586536407470703
1998-06-30,30.731002807617188
1998-07-01,31.02486801147461
1998-07-02,30.437162399291992
1998-07-06,30.452613830566406
1998-07-07,30.885665893554688
1998-07-08,31.504310607910156
1998-07-09,31.689903259277344
1998-07-10,31.426984786987305
1998-07-13,31.086729049682617
1998-07-14,31.813634872436523
1998-07-15,31.457902908325195
1998-07-16,30.854738235473633
1998-07-17,30.71554946899414
1998-07-20,30.359834671020508
1998-07-21,29.385438919067383
1998-07-22,28.76681900024414
1998-07-23,28.674043655395508
1998-07-24,27.962587356567383
1998-07-27,28.179115295410156
1998-07-28,27.22020721435547
1998-07-29,27.251163482666016
1998-07-30,28.534832000732422
1998-07-31,28.720422744750977
1998-08-03,27.916200637817383
1998-08-04,27.20475959777832
1998-08-05,27.359397888183594
1998-08-06,27.792463302612305
1998-08-07,28.08631706237793
1998-08-10,28.859619140625
1998-08-11,28.24489402770996
1998-08-12,28.29132080078125
1998-08-13,28.260379791259766
1998-08-14,28.24489402770996
1998-08-17,28.585376739501953
1998-08-18,29.250864028930664
1998-08-19,29.188976287841797
1998-08-20,29.374666213989258
1998-08-21,28.631816864013672
1998-08-24,28.81753158569336
1998-08-25,29.56039810180664
1998-08-26,28.956830978393555
1998-08-27,26.604352951049805
1998-08-28,25.86147689819336
1998-08-31,21.66731071472168
1998-09-01,23.044727325439453
1998-09-02,23.13759422302246
1998-09-03,22.533998489379883
1998-09-04,21.435161590576172
1998-09-08,23.029253005981445
1998-09-09,22.301849365234375
1998-09-10,20.800609588623047
1998-09-11,22.657817840576172
1998-09-14,23.292360305786133
1998-09-15,25.86147689819336
1998-09-16,27.115081787109375
1998-09-17,25.737667083740234
1998-09-18,26.496013641357422
1998-09-21,26.604352951049805
1998-09-22,27.03769874572754
1998-09-23,28.27584457397461
1998-09-24,27.91987419128418
1998-09-25,27.57938575744629
1998-09-28,27.73416519165039
1998-09-29,27.548429489135742
1998-09-30,25.52099609375
1998-10-01,22.533998489379883
1998-10-02,23.92690658569336
1998-10-05,22.410186767578125
1998-10-06,21.048242568969727
1998-10-07,16.590967178344727
1998-10-08,15.368317604064941
1998-10-09,17.48861312866211
1998-10-12,17.643383026123047
1998-10-13,18.200544357299805
1998-10-14,18.788658142089844
1998-10-15,21.528018951416016
1998-10-16,21.698266983032227
1998-10-19,23.276870727539062
1998-10-20,22.688772201538086
1998-10-21,23.13759422302246
1998-10-22,23.64832305908203
1998-10-23,23.772132873535156
1998-10-26,23.029253005981445
1998-10-27,22.549476623535156
1998-10-28,23.029253005981445
1998-10-29,23.74118995666504
1998-10-30,25.195993423461914
1998-11-02,24.282867431640625
1998-11-03,23.97332763671875
1998-11-04,24.685256958007812
1998-11-05,26.496013641357422
1998-11-06,26.604352951049805
1998-11-09,25.27338218688965
1998-11-10,24.54973602294922
1998-11-11,24.069580078125
1998-11-12,23.914688110351562
1998-11-13,25.231243133544922
1998-11-16,24.689136505126953
1998-11-17,26.315452575683594
1998-11-18,25.41710090637207
1998-11-19,25.355152130126953
1998-11-20,25.773347854614258
1998-11-23,28.499380111694336
1998-11-24,27.508102416992188
1998-11-25,27.24478530883789
1998-11-27,27.63199806213379
1998-11-30,27.260263442993164
1998-12-01,26.73365592956543
1998-12-02,26.423885345458984
1998-12-03,26.067644119262695
1998-12-04,27.043424606323242
1998-12-07,27.941768646240234
1998-12-08,26.51680564880371
1998-12-09,26.45486068725586
1998-12-10,25.231243133544922
1998-12-11,24.998918533325195
1998-12-14,25.200267791748047
1998-12-15,26.6097412109375
1998-12-16,26.73365592956543
1998-12-17,28.205089569091797
1998-12-18,29.661039352416992
1998-12-21,30.21863555908203
1998-12-22,29.986297607421875
1998-12-23,30.234132766723633
1998-12-24,30.01726531982422
1998-12-28,29.908843994140625
1998-12-29,29.33577537536621
1998-12-30,29.1498966217041
1998-12-31,28.499380111694336
1999-01-04,28.747201919555664
1999-01-05,29.47516441345215
1999-01-06,30.962095260620117
1999-01-07,31.333829879760742
1999-01-08,31.550674438476562
1999-01-11,31.34929847717285
1999-01-12,31.891420364379883
1999-01-13,31.813968658447266
1999-01-14,31.519676208496094
1999-01-15,32.32511901855469
1999-01-19,32.58842849731445
1999-01-20,33.45578384399414
1999-01-21,32.46451187133789
1999-01-22,31.891420364379883
1999-01-25,32.18571472167969
1999-01-26,31.98433494567871
1999-01-27,32.58842849731445
1999-01-28,32.371578216552734
1999-01-29,32.805267333984375
1999-02-01,32.6503791809082
1999-02-02,31.457721710205078
1999-02-03,30.605863571166992
1999-02-04,29.118927001953125
1999-02-05,28.6077880859375
1999-02-08,28.457138061523438
1999-02-09,27.573673248291016
1999-02-10,28.131656646728516
1999-02-11,29.619606018066406
1999-02-12,30.20859146118164
1999-02-16,29.759111404418945
1999-02-17,28.9531192779541
1999-02-18,29.743608474731445
1999-02-19,30.72007942199707
1999-02-22,32.084022521972656
1999-02-23,32.874507904052734
1999-02-24,31.991037368774414
1999-02-25,30.72007942199707
1999-02-26,31.650035858154297
1999-03-01,31.944541931152344
1999-03-02,32.874507904052734
1999-03-03,32.33204650878906
1999-03-04,32.9365119934082
1999-03-05,33.68048858642578
1999-03-08,33.06050491333008
1999-03-09,33.37049865722656
1999-03-10,33.69599533081055
1999-03-11,32.99848937988281
1999-03-12,33.38600158691406
1999-03-15,33.122501373291016
1999-03-16,32.239044189453125
1999-03-17,31.619043350219727
1999-03-18,33.819969177246094
1999-03-19,33.4634895324707
1999-03-22,33.540985107421875
1999-03-23,31.88254165649414
1999-03-24,32.982994079589844
1999-03-25,34.22294998168945
1999-03-26,35.602439880371094
1999-03-29,36.20691680908203
1999-03-30,36.733890533447266
1999-03-31,37.44686508178711
1999-04-01,38.28385543823242
1999-04-05,38.28385543823242
1999-04-06,38.17533874511719
1999-04-07,38.9813232421875
1999-04-08,38.81082534790039
1999-04-09,39.39980697631836
1999-04-12,39.91129684448242
1999-04-13,41.80223083496094
1999-04-14,42.53071975708008
1999-04-15,39.47732925415039
1999-04-16,40.67078399658203
1999-04-19,38.066856384277344
1999-04-20,37.849857330322266
1999-04-21,40.1592903137207
1999-04-22,41.073768615722656
1999-04-23,40.732765197753906
1999-04-26,40.887779235839844
1999-04-27,41.38374710083008
1999-04-28,41.1667594909668
1999-04-29,41.585235595703125
1999-04-30,43.07319641113281
1999-05-03,42.15873718261719
1999-05-04,41.97274398803711
1999-05-05,42.60820388793945
1999-05-06,41.8487434387207
1999-05-07,42.003746032714844
1999-05-10,40.99628448486328
1999-05-11,42.67536544799805
1999-05-12,43.17158508300781
1999-05-13,44.17954635620117
1999-05-14,42.070594787597656
1999-05-17,42.489288330078125
1999-05-18,41.357269287109375
1999-05-19,40.737003326416016
1999-05-20,41.0006103515625
1999-05-21,39.48090362548828
1999-05-24,36.23994445800781
1999-05-25,36.75168228149414
1999-05-26,35.72820281982422
1999-05-27,36.96879196166992
1999-05-28,37.387454986572266
1999-06-01,39.15526580810547
1999-06-02,39.124263763427734
1999-06-03,38.240352630615234
1999-06-04,39.124263763427734
1999-06-07,39.077735900878906
1999-06-08,40.938560485839844
1999-06-09,40.938560485839844
1999-06-10,39.635982513427734
1999-06-11,38.51947784423828
1999-06-14,38.00773620605469
1999-06-15,37.58905792236328
1999-06-16,39.775543212890625
1999-06-17,39.635982513427734
1999-06-18,39.82207489013672
1999-06-21,38.984676361083984
1999-06-22,39.21730422973633
1999-06-23,38.33341598510742
1999-06-24,37.86818313598633
1999-06-25,37.8216552734375
1999-06-28,38.00773620605469
1999-06-29,38.379947662353516
1999-06-30,41.45030212402344
1999-07-01,41.496826171875
1999-07-02,42.19463348388672
1999-07-06,42.14813232421875
1999-07-07,42.7529182434082
1999-07-08,41.682918548583984
1999-07-09,41.21770095825195
1999-07-12,40.938560485839844
1999-07-13,39.72903060913086
1999-07-14,39.31035232543945
1999-07-15,36.426025390625
1999-07-16,37.263423919677734
1999-07-19,35.68168258666992
1999-07-20,34.37910079956055
1999-07-21,34.239532470703125
1999-07-22,34.611698150634766
1999-07-23,34.611698150634766
1999-07-26,35.169960021972656
1999-07-27,35.635189056396484
1999-07-28,36.14690017700195
1999-07-29,35.72820281982422
1999-07-30,34.5186653137207
1999-08-02,34.193031311035156
1999-08-03,32.42520523071289
1999-08-04,29.63394546508789
1999-08-05,31.913476943969727
1999-08-06,30.192214965820312
1999-08-09,30.285240173339844
1999-08-10,30.58541488647461
1999-08-11,30.399215698242188
1999-08-12,30.259552001953125
1999-08-13,30.86474609375
1999-08-16,31.283710479736328
1999-08-17,32.58720397949219
1999-08-18,31.190614700317383
1999-08-19,30.771629333496094
1999-08-20,32.028564453125
1999-08-23,35.194190979003906
1999-08-24,34.77519989013672
1999-08-25,32.307899475097656
1999-08-26,31.050954818725586
1999-08-27,29.421592712402344
1999-08-30,27.419809341430664
1999-08-31,28.118091583251953
1999-09-01,27.419809341430664
1999-09-02,27.885337829589844
1999-09-03,30.352657318115234
1999-09-07,28.81639862060547
1999-09-08,28.304317474365234
1999-09-09,28.956050872802734
1999-09-10,29.561260223388672
1999-09-13,30.073328018188477
1999-09-14,29.235376358032227
1999-09-15,29.00261116027832
1999-09-16,27.699127197265625
1999-09-17,28.537097930908203
1999-09-20,29.747465133666992
1999-09-21,28.86295509338379
1999-09-22,29.561260223388672
1999-09-23,29.421592712402344
1999-09-24,29.51470947265625
1999-09-27,29.421592712402344
1999-09-28,29.28192901611328
1999-09-29,29.561260223388672
1999-09-30,29.04915428161621
1999-10-01,28.723295211791992
1999-10-04,29.747465133666992
1999-10-05,31.376815795898438
1999-10-06,33.37861633300781
1999-10-07,33.70447540283203
1999-10-08,34.5889892578125
1999-10-11,34.356224060058594
1999-10-12,33.51827621459961
1999-10-13,32.21478271484375
1999-10-14,29.235376358032227
1999-10-15,26.814620971679688
1999-10-18,29.235376358032227
1999-10-19,29.421592712402344
1999-10-20,29.933673858642578
1999-10-21,30.81817626953125
1999-10-22,32.26133728027344
1999-10-25,31.70269012451172
1999-10-26,32.028564453125
1999-10-27,34.44932556152344
1999-10-28,37.614933013916016
1999-10-29,39.47706604003906
1999-11-01,37.38218307495117
1999-11-02,37.98739242553711
1999-11-03,37.8011474609375
1999-11-04,38.499454498291016
1999-11-05,39.570186614990234
1999-11-08,37.19595718383789
1999-11-09,36.82353210449219
1999-11-10,33.89069366455078
1999-11-11,34.076904296875
1999-11-12,37.70805740356445
1999-11-15,37.38218307495117
1999-11-16,38.61334228515625
1999-11-17,36.796775817871094
1999-11-18,37.16942596435547
1999-11-19,37.2625732421875
1999-11-22,35.81863021850586
1999-11-23,35.213134765625
1999-11-24,35.07339096069336
1999-11-26,35.259681701660156
1999-11-29,34.18840789794922
1999-11-30,34.700775146484375
1999-12-01,34.584320068359375
1999-12-02,35.725486755371094
1999-12-03,37.821502685546875
1999-12-06,37.77491760253906
1999-12-07,36.65705871582031
1999-12-08,36.14468765258789
1999-12-09,35.95838928222656
1999-12-10,36.843353271484375
1999-12-13,37.215980529785156
1999-12-14,36.051517486572266
1999-12-15,34.9802360534668
1999-12-16,34.60761260986328
1999-12-17,34.6541862487793
1999-12-20,34.421302795410156
1999-12-21,34.374717712402344
1999-12-22,34.2349853515625
1999-12-23,34.374717712402344
1999-12-27,34.46787643432617
1999-12-28,34.74732971191406
1999-12-29,34.887088775634766
1999-12-30,35.53915786743164
1999-12-31,35.91179656982422
2000-01-03,34.421302795410156
2000-01-04,32.278690338134766
2000-01-05,31.533435821533203
2000-01-06,32.977378845214844
2000-01-07,33.90892791748047
2000-01-10,33.48971939086914
2000-01-11,32.41843032836914
2000-01-12,32.8376350402832
2000-01-13,33.676048278808594
2000-01-14,34.887088775634766
2000-01-18,31.673175811767578
2000-01-19,32.32529830932617
2000-01-20,31.58000946044922
2000-01-21,30.834768295288086
2000-01-24,30.648468017578125
2000-01-25,29.856647491455078
2000-01-26,31.253969192504883
2000-01-27,30.927928924560547
2000-01-28,29.856647491455078
2000-01-31,30.55531883239746
2000-02-01,29.949787139892578
2000-02-02,29.670312881469727
2000-02-03,29.157943725585938
2000-02-04,28.738759994506836
2000-02-07,28.292789459228516
2000-02-08,27.873271942138672
2000-02-09,26.102073669433594
2000-02-10,24.983417510986328
2000-02-11,25.076629638671875
2000-02-14,25.496131896972656
2000-02-15,27.640233993530273
2000-02-16,27.966501235961914
2000-02-17,27.407175064086914
2000-02-18,25.729190826416016
2000-02-22,25.3096866607666
2000-02-23,24.657135009765625
2000-02-24,25.822402954101562
2000-02-25,26.52157211303711
2000-02-28,28.246171951293945
2000-02-29,27.453792572021484
2000-03-01,28.106334686279297
2000-03-02,27.453792572021484
2000-03-03,28.292789459228516
2000-03-06,27.640233993530273
2000-03-07,25.8690185546875
2000-03-08,26.241910934448242
2000-03-09,27.360565185546875
2000-03-10,27.453792572021484
2000-03-13,28.152944564819336
2000-03-14,28.432628631591797
2000-03-15,30.483484268188477
2000-03-16,34.72508239746094
2000-03-17,34.16575622558594
2000-03-20,30.996196746826172
2000-03-21,32.81403350830078
2000-03-22,34.49203872680664
2000-03-23,34.16575622558594
2000-03-24,33.606414794921875
2000-03-27,33.186920166015625
2000-03-28,33.839473724365234
2000-03-29,33.746246337890625
2000-03-30,34.58525085449219
2000-03-31,35.750511169433594
2000-04-03,36.542903900146484
2000-04-04,34.72508239746094
2000-04-05,34.53864288330078
2000-04-06,34.95814514160156
2000-04-07,35.23780822753906
2000-04-10,35.890357971191406
2000-04-11,36.7293586730957
2000-04-12,37.475128173828125
2000-04-13,34.818275451660156
2000-04-14,31.975040435791016
2000-04-17,32.06825256347656
2000-04-18,33.606414794921875
2000-04-19,33.93267822265625
2000-04-20,35.28441619873047
2000-04-24,35.14457321166992
2000-04-25,36.44968032836914
2000-04-26,35.70390319824219
2000-04-27,34.398807525634766
2000-04-28,32.62759017944336
2000-05-01,33.559814453125
2000-05-02,33.839473724365234
2000-05-03,31.648773193359375
2000-05-04,30.436885833740234
2000-05-05,29.73771858215332
2000-05-08,31.436992645263672
2000-05-09,31.250444412231445
2000-05-10,30.644060134887695
2000-05-11,32.369834899902344
2000-05-12,32.5564079284668
2000-05-15,33.372650146484375
2000-05-16,33.95567321777344
2000-05-17,32.83628463745117
2000-05-18,34.14225769042969
2000-05-19,32.83628463745117
2000-05-22,32.742984771728516
2000-05-23,33.44260787963867
2000-05-24,33.489261627197266
2000-05-25,33.76912307739258
2000-05-26,33.535911560058594
2000-05-30,34.46874237060547
2000-05-31,35.26168441772461
2000-06-01,36.31112289428711
2000-06-02,38.24677658081055
2000-06-05,37.59379196166992
2000-06-06,37.08073043823242
2000-06-07,37.547142028808594
2000-06-08,36.894161224365234
2000-06-09,36.33445358276367
2000-06-12,37.127376556396484
2000-06-13,37.64042282104492
2000-06-14,39.436161041259766
2000-06-15,37.50051498413086
2000-06-16,36.19453048706055
2000-06-19,35.541542053222656
2000-06-20,35.07509994506836
2000-06-21,34.5153923034668
2000-06-22,33.16277313232422
2000-06-23,32.789615631103516
2000-06-26,33.20939636230469
2000-06-27,34.14225769042969
2000-06-28,34.783592224121094
2000-06-29,34.328834533691406
2000-06-30,33.30269241333008
2000-07-03,33.86240005493164
2000-07-05,34.00232696533203
2000-07-06,35.82138442993164
2000-07-07,36.75422668457031
2000-07-10,36.94078063964844
2000-07-11,36.894161224365234
2000-07-12,36.94078063964844
2000-07-13,38.29341506958008
2000-07-14,38.06021499633789
2000-07-17,37.4771842956543
2000-07-18,39.13300704956055
2000-07-19,39.739341735839844
2000-07-20,41.4184684753418
2000-07-21,41.65169143676758
2000-07-24,40.252403259277344
2000-07-25,40.53227233886719
2000-07-26,39.739341735839844
2000-07-27,42.211402893066406
2000-07-28,42.39797592163086
2000-07-31,43.72727584838867
2000-08-01,42.95767593383789
2000-08-02,41.465118408203125
2000-08-03,42.071468353271484
2000-08-04,43.93715286254883
2000-08-07,43.584014892578125
2000-08-08,43.11737823486328
2000-08-09,42.137420654296875
2000-08-10,41.71744918823242
2000-08-11,42.324092864990234
2000-08-14,42.8840446472168
2000-08-15,40.784183502197266
2000-08-16,41.110836029052734
2000-08-17,41.41413497924805
2000-08-18,41.01750564575195
2000-08-21,42.184104919433594
2000-08-22,43.3507080078125
2000-08-23,43.3507080078125
2000-08-24,44.14397430419922
2000-08-25,43.49068069458008
2000-08-28,44.65726852416992
2000-08-29,44.89060974121094
2000-08-30,44.563961029052734
2000-08-31,45.042259216308594
2000-09-01,44.89060974121094
2000-09-05,45.6372184753418
2000-09-06,46.71049499511719
2000-09-07,47.78376388549805
2000-09-08,48.64703369140625
2000-09-11,49.04368591308594
2000-09-12,49.09035110473633
2000-09-13,49.27700424194336
2000-09-14,48.06373977661133
2000-09-15,47.78376388549805
2000-09-18,46.01052474975586
2000-09-19,46.89714813232422
2000-09-20,46.66382598876953
2000-09-21,47.643768310546875
2000-09-22,48.903682708740234
2000-09-25,51.28355026245117
2000-09-26,49.90697479248047
2000-09-27,51.19020462036133
2000-09-28,53.33674240112305
2000-09-29,52.31016159057617
2000-10-02,52.63681411743164
2000-10-03,53.010093688964844
2000-10-04,53.196781158447266
2000-10-05,53.5700569152832
2000-10-06,49.510292053222656
2000-10-09,49.790306091308594
2000-10-10,47.503780364990234
2000-10-11,48.81036376953125
2000-10-12,46.19718551635742
2000-10-13,50.58359909057617
2000-10-16,52.07682800292969
2000-10-17,49.323673248291016
2000-10-18,50.25694274902344
2000-10-19,51.33021926879883
2000-10-20,51.05020523071289
2000-10-23,49.09035110473633
2000-10-24,47.97041320800781
2000-10-25,44.98392868041992
2000-10-26,43.95731735229492
2000-10-27,45.21724319458008
2000-10-30,46.52383804321289
2000-10-31,47.130462646484375
2000-11-01,46.1505241394043
2000-11-02,47.037132263183594
2000-11-03,45.87054443359375
2000-11-06,47.804771423339844
2000-11-07,48.038177490234375
2000-11-08,47.75808334350586
2000-11-09,46.31086349487305
2000-11-10,44.21006774902344
2000-11-13,42.202640533447266
2000-11-14,43.229705810546875
2000-11-15,42.669498443603516
2000-11-16,41.31565475463867
2000-11-17,39.21482467651367
2000-11-20,37.02069091796875
2000-11-21,37.16073989868164
2000-11-22,36.18036651611328
2000-11-24,37.0673713684082
2000-11-27,40.28859329223633
2000-11-28,39.86843490600586
2000-11-29,42.10926818847656
2000-11-30,41.689125061035156
2000-12-01,42.48275375366211
2000-12-04,40.42863082885742
2000-12-05,44.21006774902344
2000-12-06,43.55648422241211
2000-12-07,43.32307434082031
2000-12-08,44.350135803222656
2000-12-11,45.28380584716797
2000-12-12,44.5368537902832
2000-12-13,43.3697624206543
2000-12-14,43.2763786315918
2000-12-15,43.13631820678711
2000-12-18,45.237144470214844
2000-12-19,43.78990173339844
2000-12-20,43.92998504638672
2000-12-21,44.350135803222656
2000-12-22,46.07744598388672
2000-12-26,47.057796478271484
2000-12-27,47.2912483215332
2000-12-28,48.97186279296875
2000-12-29,49.15860366821289
2001-01-02,46.26418685913086
2001-01-03,50.045623779296875
2001-01-04,50.045623779296875
2001-01-05,48.17825698852539
2001-01-08,46.82439041137695
2001-01-09,45.37718200683594
2001-01-10,47.011131286621094
2001-01-11,47.524658203125
2001-01-12,47.47797775268555
2001-01-16,48.318302154541016
2001-01-17,49.392032623291016
2001-01-18,47.43128204345703
2001-01-19,45.89070129394531
2001-01-22,46.59099578857422
2001-01-23,47.057796478271484
2001-01-24,48.97186279296875
2001-01-25,48.131561279296875
2001-01-26,49.018577575683594
2001-01-29,50.23234939575195
2001-01-30,48.55170822143555
2001-01-31,47.072757720947266
2001-02-01,46.70677185058594
2001-02-02,46.18388748168945
2001-02-05,46.124141693115234
2001-02-06,46.22651672363281
2001-02-07,45.97241973876953
2001-02-08,46.114418029785156
2001-02-09,46.51045608520508
2001-02-12,47.638858795166016
2001-02-13,46.70477294921875
2001-02-14,44.91128921508789
2001-02-15,45.59880447387695
2001-02-16,45.21022415161133
2001-02-20,43.26728057861328
2001-02-21,41.73538589477539
2001-02-22,41.0030403137207
2001-02-23,41.95955276489258
2001-02-26,41.47383499145508
2001-02-27,43.25980758666992
2001-02-28,41.28700256347656
2001-03-01,41.69801330566406
2001-03-02,42.78157424926758
2001-03-05,42.41539764404297
2001-03-06,42.78157424926758
2001-03-07,42.60968780517578
2001-03-08,42.93849182128906
2001-03-09,42.34066390991211
2001-03-12,38.962989807128906
2001-03-13,41.31690216064453
2001-03-14,39.979270935058594
2001-03-15,40.442588806152344
2001-03-16,40.636905670166016
2001-03-19,40.30808639526367
2001-03-20,38.634185791015625
2001-03-21,36.765987396240234
2001-03-22,35.749691009521484
2001-03-23,38.1409797668457
2001-03-26,38.268009185791016
2001-03-27,40.71160888671875
2001-03-28,41.06283187866211
2001-03-29,39.60564041137695
2001-03-30,41.47383499145508
2001-04-02,41.95955276489258
2001-04-03,40.24082946777344
2001-04-04,39.119911193847656
2001-04-05,41.14501953125
2001-04-06,40.18851852416992
2001-04-09,41.10019302368164
2001-04-10,43.49147033691406
2001-04-11,44.93372344970703
2001-04-12,44.649776458740234
2001-04-16,44.12666320800781
2001-04-17,43.63344955444336
2001-04-18,49.32023620605469
2001-04-19,47.65381622314453
2001-04-20,47.0036735534668
2001-04-23,46.60014343261719
2001-04-24,45.882747650146484
2001-04-25,46.30123519897461
2001-04-26,46.906524658203125
2001-04-27,47.81820297241211
2001-04-30,46.973777770996094
2001-05-01,47.728538513183594
2001-05-02,48.15447235107422
2001-05-03,47.39226150512695
2001-05-04,48.6551628112793
2001-05-07,48.780006408691406
2001-05-08,47.99502944946289
2001-05-09,47.65863037109375
2001-05-10,47.69599914550781
2001-05-11,47.8305778503418
2001-05-14,47.277339935302734
2001-05-15,48.09224319458008
2001-05-16,49.78923797607422
2001-05-17,49.91632080078125
2001-05-18,49.766822814941406
2001-05-21,51.56101989746094
2001-05-22,53.87105941772461
2001-05-23,51.957237243652344
2001-05-24,50.84333419799805
2001-05-25,50.260215759277344
2001-05-29,49.78923797607422
2001-05-30,49.071571350097656
2001-05-31,48.675350189208984
2001-06-01,50.12565612792969
2001-06-04,50.46208953857422
2001-06-05,51.58345031738281
2001-06-06,49.5275993347168
2001-06-07,49.422950744628906
2001-06-08,49.22854232788086
2001-06-11,48.981849670410156
2001-06-12,48.95941925048828
2001-06-13,47.55396270751953
2001-06-14,45.22896957397461
2001-06-15,45.042049407958984
2001-06-18,44.27953338623047
2001-06-19,44.94489288330078
2001-06-20,45.236454010009766
2001-06-21,47.02317428588867
2001-06-22,46.29801559448242
2001-06-25,45.16167449951172
2001-06-26,44.51875686645508
2001-06-27,43.360015869140625
2001-06-28,45.22896957397461
2001-06-29,44.967308044433594
2001-07-02,45.58779525756836
2001-07-03,45.62518310546875
2001-07-05,46.35033416748047
2001-07-06,44.94489288330078
2001-07-09,44.301963806152344
2001-07-10,44.107566833496094
2001-07-11,44.06271743774414
2001-07-12,47.20259094238281
2001-07-13,49.04913330078125
2001-07-16,48.3837776184082
2001-07-17,50.09575271606445
2001-07-18,48.95196533203125
2001-07-19,47.314727783203125
2001-07-20,47.419403076171875
2001-07-23,47.494163513183594
2001-07-24,46.52976989746094
2001-07-25,46.53723907470703
2001-07-26,46.87364959716797
2001-07-27,48.11465072631836
2001-07-30,47.22502136230469
2001-07-31,48.04734420776367
2001-08-01,49.09398651123047
2001-08-02,49.265933990478516
2001-08-03,49.10892868041992
2001-08-06,48.5756950378418
2001-08-07,48.08955383300781
2001-08-08,46.765769958496094
2001-08-09,46.5339469909668
2001-08-10,46.38438415527344
2001-08-13,47.03504180908203
2001-08-14,47.95494079589844
2001-08-15,47.57351303100586
2001-08-16,46.36940002441406
2001-08-17,45.628990173339844
2001-08-20,46.24974822998047
2001-08-21,44.40245056152344
2001-08-22,45.060585021972656
2001-08-23,45.03068542480469
2001-08-24,44.237911224365234
2001-08-27,43.961185455322266
2001-08-28,42.92909622192383
2001-08-29,42.390602111816406
2001-08-30,41.31365203857422
2001-08-31,41.59034729003906
2001-09-04,39.458858489990234
2001-09-05,39.24945831298828
2001-09-06,37.57416534423828
2001-09-07,36.272857666015625
2001-09-10,37.67139434814453
2001-09-17,33.59537887573242
2001-09-18,31.381614685058594
2001-09-19,29.9755859375
2001-09-20,29.878358840942383
2001-09-21,29.915742874145508
2001-09-24,32.19682693481445
2001-09-25,32.00983810424805
2001-09-26,32.73530197143555
2001-09-27,32.69791030883789
2001-09-28,34.425533294677734
2001-10-01,34.814449310302734
2001-10-02,35.16597366333008
2001-10-03,36.280311584472656
2001-10-04,35.93629455566406
2001-10-05,35.150997161865234
2001-10-08,33.946895599365234
2001-10-09,34.298404693603516
2001-10-10,35.876468658447266
2001-10-11,35.67451858520508
2001-10-12,33.50563049316406
2001-10-15,31.785470962524414
2001-10-16,32.25664520263672
2001-10-17,35.816619873046875
2001-10-18,36.38503646850586
2001-10-19,35.652099609375
2001-10-22,35.63713073730469
2001-10-23,35.5997314453125
2001-10-24,34.29092788696289
2001-10-25,33.51312255859375
2001-10-26,34.492855072021484
2001-10-29,33.28874206542969
2001-10-30,32.57825469970703
2001-10-31,30.895503997802734
2001-11-01,32.49599075317383
2001-11-02,32.93723678588867
2001-11-05,33.48876190185547
2001-11-06,35.26986312866211
2001-11-07,37.23801040649414
2001-11-08,37.41762924194336
2001-11-09,37.904048919677734
2001-11-12,38.76464080810547
2001-11-13,40.32121658325195
2001-11-14,40.78520202636719
2001-11-15,40.88249206542969
2001-11-16,38.839500427246094
2001-11-19,38.80208206176758
2001-11-20,38.25577163696289
2001-11-21,37.71697998046875
2001-11-23,38.944271087646484
2001-11-26,39.70759201049805
2001-11-27,40.74779510498047
2001-11-28,38.944271087646484
2001-11-29,38.54014587402344
2001-11-30,37.44007110595703
2001-12-03,36.332515716552734
2001-12-04,37.52987289428711
2001-12-05,38.42789840698242
2001-12-06,40.044349670410156
2001-12-07,38.966705322265625
2001-12-10,37.49247360229492
2001-12-11,38.22584533691406
2001-12-12,37.065895080566406
2001-12-13,36.14543151855469
2001-12-14,35.838600158691406
2001-12-17,36.63185501098633
2001-12-18,37.47747802734375
2001-12-19,38.6898078918457
2001-12-20,38.390480041503906
2001-12-21,37.67953872680664
2001-12-24,37.70199203491211
2001-12-26,38.420406341552734
2001-12-27,39.51301193237305
2001-12-28,40.95732498168945
2001-12-31,40.373619079589844
2002-01-02,39.75248718261719
2002-01-03,39.93209457397461
2002-01-04,42.581241607666016
2002-01-07,41.383888244628906
2002-01-08,40.71784973144531
2002-01-09,40.560699462890625
2002-01-10,39.99943542480469
2002-01-11,39.228633880615234
2002-01-14,39.13883590698242
2002-01-15,40.074283599853516
2002-01-16,40.68043899536133
2002-01-17,41.458740234375
2002-01-18,41.03965759277344
2002-01-22,39.78241729736328
2002-01-23,38.91432571411133
2002-01-24,39.43818283081055
2002-01-25,39.84976577758789
2002-01-28,38.360538482666016
2002-01-29,35.25489044189453
2002-01-30,35.84608459472656
2002-01-31,37.544837951660156
2002-02-01,36.22772979736328
2002-02-04,34.09493637084961
2002-02-05,33.339111328125
2002-02-06,33.261962890625
2002-02-07,34.564903259277344
2002-02-08,35.58327102661133
2002-02-11,34.20546340942383
2002-02-12,35.6431770324707
2002-02-13,36.50431442260742
2002-02-14,35.538352966308594
2002-02-15,34.43760681152344
2002-02-19,33.98084259033203
2002-02-20,34.97673797607422
2002-02-21,33.621395111083984
2002-02-22,33.014854431152344
2002-02-25,35.19388961791992
2002-02-26,35.478424072265625
2002-02-27,36.61662292480469
2002-02-28,36.893672943115234
2002-03-01,37.882110595703125
2002-03-04,41.3341064453125
2002-03-05,42.082916259765625
2002-03-06,42.756839752197266
2002-03-07,43.573036193847656
2002-03-08,43.77521514892578
2002-03-11,45.57985305786133
2002-03-12,45.7071418762207
2002-03-13,44.628841400146484
2002-03-14,44.75614929199219
2002-03-15,46.46342849731445
2002-03-18,46.78541564941406
2002-03-19,47.78132629394531
2002-03-20,46.53830337524414
2002-03-21,46.628173828125
2002-03-22,47.45185852050781
2002-03-25,45.33272171020508
2002-03-26,46.98759078979492
2002-03-27,47.863704681396484
2002-03-28,47.811283111572266
2002-04-01,47.624080657958984
2002-04-02,47.916114807128906
2002-04-03,46.3885612487793
2002-04-04,46.231319427490234
2002-04-05,46.02164077758789
2002-04-08,46.995079040527344
2002-04-09,47.174774169921875
2002-04-10,48.22313690185547
2002-04-11,46.63563919067383
2002-04-12,46.76294708251953
2002-04-15,46.403526306152344
2002-04-16,47.7438850402832
2002-04-17,47.85619354248047
2002-04-18,48.739803314208984
2002-04-19,49.2340202331543
2002-04-22,48.657413482666016
2002-04-23,49.046817779541016
2002-04-24,48.22313690185547
2002-04-25,47.0849494934082
2002-04-26,46.46342849731445
2002-04-29,43.99236297607422
2002-04-30,44.846012115478516
2002-05-01,44.40422821044922
2002-05-02,45.33272171020508
2002-05-03,44.73368835449219
2002-05-06,43.00090026855469
2002-05-07,43.67515563964844
2002-05-08,46.829036712646484
2002-05-09,45.33824157714844
2002-05-10,45.17343521118164
2002-05-13,46.46195983886719
2002-05-14,48.43222427368164
2002-05-15,48.2973747253418
2002-05-16,47.907806396484375
2002-05-17,48.09507751464844
2002-05-20,47.038795471191406
2002-05-21,46.44699478149414
2002-05-22,46.709190368652344
2002-05-23,47.45084762573242
2002-05-24,47.533226013183594
2002-05-28,46.15481948852539
2002-05-29,46.62677764892578
2002-05-30,46.49943161010742
2002-05-31,46.776607513427734
2002-06-03,45.345733642578125
2002-06-04,44.371856689453125
2002-06-05,45.28580856323242
2002-06-06,44.78389358520508
2002-06-07,44.94867706298828
2002-06-10,44.79886245727539
2002-06-11,44.19206619262695
2002-06-12,42.70124435424805
2002-06-13,41.40522766113281
2002-06-14,41.67493438720703
2002-06-17,44.64903259277344
2002-06-18,44.7913818359375
2002-06-19,43.98978805541992
2002-06-20,42.73871994018555
2002-06-21,42.96345520019531
2002-06-24,43.48036193847656
2002-06-25,43.120765686035156
2002-06-26,42.551429748535156
2002-06-27,44.27446746826172
2002-06-28,45.73529815673828
2002-07-01,43.84746170043945
2002-07-02,42.51397705078125
2002-07-03,43.06085968017578
2002-07-05,44.911224365234375
2002-07-08,43.47288513183594
2002-07-09,41.540077209472656
2002-07-10,38.51354217529297
2002-07-11,37.77187728881836
2002-07-12,38.58095932006836
2002-07-15,38.2888069152832
2002-07-16,37.9067268371582
2002-07-17,22.83394432067871
2002-07-18,24.95401954650879
2002-07-19,26.37738800048828
2002-07-22,25.54584503173828
2002-07-23,23.215993881225586
2002-07-24,24.95401954650879
2002-07-25,24.264802932739258
2002-07-26,22.848922729492188
2002-07-29,21.98740005493164
2002-07-30,22.421907424926758
2002-07-31,23.747892379760742
2002-08-01,22.47433853149414
2002-08-02,21.4255428314209
2002-08-05,18.503887176513672
2002-08-06,20.031553268432617
2002-08-07,18.9591064453125
2002-08-08,20.774019241333008
2002-08-09,21.823970794677734
2002-08-12,21.65897560119629
2002-08-13,21.898971557617188
2002-08-14,23.286399841308594
2002-08-15,24.561349868774414
2002-08-16,24.373857498168945
2002-08-19,26.098772048950195
2002-08-20,26.2337646484375
2002-08-21,26.4587459564209
2002-08-22,27.88369369506836
2002-08-23,27.04372787475586
2002-08-26,27.471221923828125
2002-08-27,26.848745346069336
2002-08-28,26.49625587463379
2002-08-29,26.63123321533203
2002-08-30,26.751243591308594
2002-09-03,25.078813552856445
2002-09-04,26.646230697631836
2002-09-05,26.301259994506836
2002-09-06,27.381202697753906
2002-09-09,29.608612060546875
2002-09-10,29.211122512817383
2002-09-11,30.74856185913086
2002-09-12,28.94863510131836
2002-09-13,29.188613891601562
2002-09-16,29.001148223876953
2002-09-17,26.42875862121582
2002-09-18,26.991226196289062
2002-09-19,26.15127182006836
2002-09-20,26.13627052307129
2002-09-23,25.98628044128418
2002-09-24,25.686290740966797
2002-09-25,26.533740997314453
2002-09-26,27.178720474243164
2002-09-27,26.023775100708008
2002-09-30,26.188772201538086
2002-10-01,27.23870849609375
2002-10-02,25.19881820678711
2002-10-03,24.321353912353516
2002-10-04,22.783924102783203
2002-10-07,21.044008255004883
2002-10-08,22.26645851135254
2002-10-09,19.874055862426758
2002-10-10,21.913965225219727
2002-10-11,22.993925094604492
2002-10-14,24.118858337402344
2002-10-15,25.97876739501953
2002-10-16,20.88651466369629
2002-10-17,21.718971252441406
2002-10-18,22.626436233520508
2002-10-21,23.721384048461914
2002-10-22,24.163856506347656
2002-10-23,23.833881378173828
2002-10-24,21.561485290527344
2002-10-25,22.731433868408203
2002-10-28,23.166406631469727
2002-10-29,22.70893096923828
2002-10-30,23.503889083862305
2002-10-31,22.851425170898438
2002-11-01,23.473896026611328
2002-11-04,24.801332473754883
2002-11-05,25.273805618286133
2002-11-06,24.814456939697266
2002-11-07,23.230710983276367
2002-11-08,22.007247924804688
2002-11-11,22.01474952697754
2002-11-12,21.444307327270508
2002-11-13,21.136573791503906
2002-11-14,22.517642974853516
2002-11-15,23.26824378967285
2002-11-18,21.722028732299805
2002-11-19,21.782073974609375
2002-11-20,22.05228614807129
2002-11-21,24.881999969482422
2002-11-22,23.673555374145508
2002-11-25,25.309831619262695
2002-11-26,24.731889724731445
2002-11-27,26.007890701293945
2002-11-29,25.36988639831543
2002-12-02,26.893590927124023
2002-12-03,25.520008087158203
2002-12-04,25.880285263061523
2002-12-05,25.98535919189453
2002-12-06,25.347370147705078
2002-12-09,24.58927345275879
2002-12-10,24.731889724731445
2002-12-11,24.1689453125
2002-12-12,24.078872680664062
2002-12-13,22.667762756347656
2002-12-16,24.20647621154785
2002-12-17,23.93626594543457
2002-12-18,23.013036727905273
2002-12-19,23.253223419189453
2002-12-20,23.673555374145508
2002-12-23,23.718595504760742
2002-12-24,23.45588493347168
2002-12-26,23.45588493347168
2002-12-27,22.25494384765625
2002-12-30,22.6002140045166
2002-12-31,22.30746841430664
2003-01-02,23.808656692504883
2003-01-03,23.831174850463867
2003-01-06,24.949552536010742
2003-01-07,24.1689453125
2003-01-08,26.578336715698242
2003-01-09,27.403976440429688
2003-01-10,29.272939682006836
2003-01-13,29.19037437438965
2003-01-14,29.047761917114258
2003-01-15,27.734251022338867
2003-01-16,26.405691146850586
2003-01-17,24.95705795288086
2003-01-21,24.003816604614258
2003-01-22,24.61928367614746
2003-01-23,24.213972091674805
2003-01-24,23.658538818359375
2003-01-27,22.83289909362793
2003-01-28,23.76363182067871
2003-01-29,23.89873695373535
2003-01-30,23.328283309936523
2003-01-31,23.305767059326172
2003-02-03,23.883724212646484
2003-02-04,23.298255920410156
2003-02-05,22.945491790771484
2003-02-06,22.40233612060547
2003-02-07,22.537559509277344
2003-02-10,22.4173526763916
2003-02-11,22.31969451904297
2003-02-12,22.3497371673584
2003-02-13,21.868942260742188
2003-02-14,22.695314407348633
2003-02-18,24.11517906188965
2003-02-19,23.176116943359375
2003-02-20,22.665267944335938
2003-02-21,23.153581619262695
2003-02-24,22.372276306152344
2003-02-25,22.612682342529297
2003-02-26,22.42486572265625
2003-02-27,22.838056564331055
2003-02-28,23.26627540588379
2003-03-03,21.222869873046875
2003-03-04,20.561765670776367
2003-03-05,20.81719207763672
2003-03-06,20.223697662353516
2003-03-07,20.64440155029297
2003-03-10,20.313852310180664
2003-03-11,19.066768646240234
2003-03-12,19.735382080078125
2003-03-13,21.260433197021484
2003-03-14,21.222869873046875
2003-03-17,22.50750732421875
2003-03-18,22.78546142578125
2003-03-19,23.58930015563965
2003-03-20,23.42403221130371
2003-03-21,24.490808486938477
2003-03-24,23.4841365814209
2003-03-25,23.6494083404541
2003-03-26,24.085134506225586
2003-03-27,23.596813201904297
2003-03-28,23.42403221130371
2003-03-31,22.54506492614746
2003-04-01,23.5667667388916
2003-04-02,24.776283264160156
2003-04-03,24.964096069335938
2003-04-04,25.272106170654297
2003-04-07,25.309677124023438
2003-04-08,25.024194717407227
2003-04-09,24.44573402404785
2003-04-10,25.813024520874023
2003-04-11,25.62520408630371
2003-04-14,26.414012908935547
2003-04-15,28.164419174194336
2003-04-16,27.56342315673828
2003-04-17,28.111846923828125
2003-04-21,28.014177322387695
2003-04-22,28.68280792236328
2003-04-23,29.35140609741211
2003-04-24,28.840560913085938
2003-04-25,28.31468963623047
2003-04-28,29.201160430908203
2003-04-29,30.125198364257812
2003-04-30,31.45490074157715
2003-05-01,31.124364852905273
2003-05-02,32.15358352661133
2003-05-05,33.37061309814453
2003-05-06,35.02962875366211
2003-05-07,34.999568939208984
2003-05-08,33.66151428222656
2003-05-09,33.759239196777344
2003-05-12,35.06721115112305
2003-05-13,35.330318450927734
2003-05-14,34.082481384277344
2003-05-15,33.706626892089844
2003-05-16,33.706626892089844
2003-05-19,32.15058898925781
2003-05-20,32.1956787109375
2003-05-21,33.27815246582031
2003-05-22,33.61642074584961
2003-05-23,33.789306640625
2003-05-27,35.27769470214844
2003-05-28,36.90137481689453
2003-05-29,35.61595153808594
2003-05-30,36.209808349609375
2003-06-02,38.720516204833984
2003-06-03,37.54032897949219
2003-06-04,39.073822021484375
2003-06-05,39.960819244384766
2003-06-06,39.57746505737305
2003-06-09,37.62303161621094
2003-06-10,38.09660339355469
2003-06-11,39.975868225097656
2003-06-12,40.38931655883789
2003-06-13,39.78794860839844
2003-06-16,40.20890426635742
2003-06-17,39.38954544067383
2003-06-18,38.97610092163086
2003-06-19,38.16425704956055
2003-06-20,37.3148193359375
2003-06-23,36.510501861572266
2003-06-24,37.209571838378906
2003-06-25,36.570640563964844
2003-06-26,37.54785919189453
2003-06-27,36.7435417175293
2003-06-30,36.969032287597656
2003-07-01,36.81118392944336
2003-07-02,37.02916717529297
2003-07-03,37.02165985107422
2003-07-07,38.43488311767578
2003-07-08,39.12644958496094
2003-07-09,38.91598129272461
2003-07-10,38.126670837402344
2003-07-11,38.90092468261719
2003-07-14,41.36652374267578
2003-07-15,39.63760757446289
2003-07-16,41.58454132080078
2003-07-17,36.24741744995117
2003-07-18,36.80365753173828
2003-07-21,37.014122009277344
2003-07-22,36.390220642089844
2003-07-23,35.99180603027344
2003-07-24,36.082035064697266
2003-07-25,37.442604064941406
2003-07-28,37.05924606323242
2003-07-29,36.330081939697266
2003-07-30,35.796363830566406
2003-07-31,36.01436233520508
2003-08-01,35.51824188232422
2003-08-04,35.47313690185547
2003-08-05,34.49590301513672
2003-08-06,34.997615814208984
2003-08-07,35.20068359375
2003-08-08,35.96037292480469
2003-08-11,36.17097091674805
2003-08-12,37.976104736328125
2003-08-13,37.47217559814453
2003-08-14,37.51731491088867
2003-08-15,37.427059173583984
2003-08-18,37.75800323486328
2003-08-19,38.13407516479492
2003-08-20,38.47254180908203
2003-08-21,38.66058349609375
2003-08-22,38.85613250732422
2003-08-25,39.31494140625
2003-08-26,39.66846466064453
2003-08-27,39.38264465332031
2003-08-28,39.78128433227539
2003-08-29,40.16489028930664
2003-09-02,41.789520263671875
2003-09-03,40.72899627685547
2003-09-04,40.4356575012207
2003-09-05,40.555999755859375
2003-09-08,41.669193267822266
2003-09-09,42.1580924987793
2003-09-10,44.309226989746094
2003-09-11,43.805294036865234
2003-09-12,44.12871170043945
2003-09-15,44.44462966918945
2003-09-16,45.12908172607422
2003-09-17,45.768402099609375
2003-09-18,46.29491424560547
2003-09-19,46.332523345947266
2003-09-22,45.55030822753906
2003-09-23,45.27951431274414
2003-09-24,43.97828674316406
2003-09-25,43.2186164855957
2003-09-26,42.31603240966797
2003-09-29,43.444252014160156
2003-09-30,42.902706146240234
2003-10-01,44.08359146118164
2003-10-02,44.57246398925781
2003-10-03,44.903438568115234
2003-10-06,45.39985656738281
2003-10-07,45.55781173706055
2003-10-08,45.73832321166992
2003-10-09,47.596134185791016
2003-10-10,46.618324279785156
2003-10-13,47.38553237915039
2003-10-14,46.896636962890625
2003-10-15,46.06926727294922
2003-10-16,46.024147033691406
2003-10-17,45.50515365600586
2003-10-20,45.92635726928711
2003-10-21,46.467899322509766
2003-10-22,45.20427703857422
2003-10-23,46.994407653808594
2003-10-24,46.60328674316406
2003-10-27,46.43782424926758
2003-10-28,48.227935791015625
2003-10-29,47.671348571777344
2003-10-30,44.88838195800781
2003-10-31,45.73080062866211
2003-11-03,46.3926887512207
2003-11-04,46.40774917602539
2003-11-05,46.112770080566406
2003-11-06,45.864437103271484
2003-11-07,45.149574279785156
2003-11-10,44.6077766418457
2003-11-11,44.750755310058594
2003-11-12,45.46560287475586
2003-11-13,45.202247619628906
2003-11-14,44.2841911315918
2003-11-17,43.606964111328125
2003-11-18,43.38120651245117
2003-11-19,43.674678802490234
2003-11-20,42.90713882446289
2003-11-21,42.5158576965332
2003-11-24,44.081024169921875
2003-11-25,44.163818359375
2003-11-26,44.946388244628906
2003-11-28,44.938865661621094
2003-12-01,45.3000602722168
2003-12-02,44.80341720581055
2003-12-03,45.41294479370117
2003-12-04,45.22481155395508
2003-12-05,44.51746368408203
2003-12-08,44.457279205322266
2003-12-09,43.40378952026367
2003-12-10,41.612857818603516
2003-12-11,42.13206481933594
2003-12-12,42.32771301269531
2003-12-15,41.733238220214844
2003-12-16,42.5158576965332
2003-12-17,42.54594421386719
2003-12-18,44.615299224853516
2003-12-19,44.93133544921875
2003-12-22,45.540855407714844
2003-12-23,45.653717041015625
2003-12-24,45.63869094848633
2003-12-26,45.47312927246094
2003-12-29,46.278289794921875
2003-12-30,45.96226119995117
2003-12-31,46.12028121948242
2004-01-02,45.32264709472656
2004-01-05,47.03080749511719
2004-01-06,47.94130325317383
2004-01-07,48.091800689697266
2004-01-08,48.78410720825195
2004-01-09,48.17458724975586
2004-01-12,48.31755828857422
2004-01-13,48.34766387939453
2004-01-14,48.7540168762207
2004-01-15,50.49226760864258
2004-01-16,50.620182037353516
2004-01-20,51.09427261352539
2004-01-21,52.56163787841797
2004-01-22,55.7973518371582
2004-01-23,55.729618072509766
2004-01-26,55.421112060546875
2004-01-27,55.09000778198242
2004-01-28,52.9754753112793
2004-01-29,52.37351989746094
2004-01-30,53.48720932006836
2004-02-02,53.7881965637207
2004-02-03,53.991336822509766
2004-02-04,53.103424072265625
2004-02-05,52.4111213684082
2004-02-06,53.93024826049805
2004-02-09,54.44971466064453
2004-02-10,54.2614860534668
2004-02-11,55.857425689697266
2004-02-12,55.3304443359375
2004-02-13,54.991703033447266
2004-02-17,54.28409194946289
2004-02-18,53.93779754638672
2004-02-19,54.38946533203125
2004-02-20,53.538795471191406
2004-02-23,52.688148498535156
2004-02-24,51.68694305419922
2004-02-25,53.27532196044922
2004-02-26,53.44847869873047
2004-02-27,53.2376823425293
2004-03-01,53.61410140991211
2004-03-02,53.44847869873047
2004-03-03,53.67432403564453
2004-03-04,55.25521469116211
2004-03-05,55.54122543334961
2004-03-08,56.0155143737793
2004-03-09,54.81105041503906
2004-03-10,55.58641052246094
2004-03-11,54.09589385986328
2004-03-12,55.3304443359375
2004-03-15,54.78093719482422
2004-03-16,54.750823974609375
2004-03-17,55.210018157958984
2004-03-18,55.578880310058594
2004-03-19,54.502384185791016
2004-03-22,53.97544479370117
2004-03-23,54.013084411621094
2004-03-24,53.817344665527344
2004-03-25,54.351829528808594
2004-03-26,55.44340515136719
2004-03-29,56.226287841796875
2004-03-30,57.04684066772461
2004-03-31,56.783363342285156
2004-04-01,57.212425231933594
2004-04-02,56.45214080810547
2004-04-05,57.36301803588867
2004-04-06,57.82974624633789
2004-04-07,57.10703659057617
2004-04-08,56.768341064453125
2004-04-12,58.356689453125
2004-04-13,56.53492736816406
2004-04-14,55.06698226928711
2004-04-15,53.998023986816406
2004-04-16,55.49607467651367
2004-04-19,55.53373718261719
2004-04-20,54.18622589111328
2004-04-21,53.772193908691406
2004-04-22,53.18500518798828
2004-04-23,51.829978942871094
2004-04-26,50.94916915893555
2004-04-27,51.513790130615234
2004-04-28,49.98560333251953
2004-04-29,49.737205505371094
2004-04-30,49.33068084716797
2004-05-03,49.3984375
2004-05-04,50.294254302978516
2004-05-05,50.41472625732422
2004-05-06,50.066768646240234
2004-05-07,48.1689453125
2004-05-10,46.421730041503906
2004-05-11,47.7471923828125
2004-05-12,48.64339065551758
2004-05-13,49.38145446777344
2004-05-14,49.58479690551758
2004-05-17,48.69612503051758
2004-05-18,49.48688888549805
2004-05-19,49.70528793334961
2004-05-20,50.36803436279297
2004-05-21,50.58643341064453
2004-05-24,50.72197341918945
2004-05-25,52.15289306640625
2004-05-26,51.97967529296875
2004-05-27,52.71018600463867
2004-05-28,52.76292419433594
2004-06-01,52.25078201293945
2004-06-02,52.46920394897461
2004-06-03,51.44496536254883
2004-06-04,52.61228561401367
2004-06-07,54.118499755859375
2004-06-08,53.80220413208008
2004-06-09,53.327720642089844
2004-06-10,52.83820724487305
2004-06-14,52.906002044677734
2004-06-15,53.305145263671875
2004-06-16,53.64405059814453
2004-06-17,54.20887756347656
2004-06-18,53.75701141357422
2004-06-21,53.38045120239258
2004-06-22,53.25996398925781
2004-06-23,53.22230911254883
2004-06-24,52.85328674316406
2004-06-25,52.913536071777344
2004-06-28,51.98720932006836
2004-06-29,51.30940246582031
2004-06-30,51.497684478759766
2004-07-01,51.670902252197266
2004-07-02,51.279293060302734
2004-07-06,51.09854507446289
2004-07-07,51.56546401977539
2004-07-08,50.87260437011719
2004-07-09,50.014068603515625
2004-07-12,50.3378791809082
2004-07-13,50.014068603515625
2004-07-14,49.84085464477539
2004-07-15,49.79564666748047
2004-07-16,49.72031784057617
2004-07-19,49.102787017822266
2004-07-20,49.938724517822266
2004-07-21,49.70528793334961
2004-07-22,52.1905403137207
2004-07-23,51.18891906738281
2004-07-26,51.3997802734375
2004-07-27,51.61820983886719
2004-07-28,51.06089782714844
2004-07-29,51.949554443359375
2004-07-30,52.20561599731445
2004-08-02,52.35622787475586
2004-08-03,51.90436553955078
2004-08-04,51.58805847167969
2004-08-05,50.40566635131836
2004-08-06,49.68839645385742
2004-08-09,49.52265167236328
2004-08-10,51.421302795410156
2004-08-11,50.743186950683594
2004-08-12,50.622657775878906
2004-08-13,51.24801254272461
2004-08-16,52.378143310546875
2004-08-17,52.44597244262695
2004-08-18,52.80760955810547
2004-08-19,52.70211410522461
2004-08-20,53.38019943237305
2004-08-23,52.958274841308594
2004-08-24,53.08634948730469
2004-08-25,53.10895919799805
2004-08-26,52.423336029052734
2004-08-27,51.92609405517578
2004-08-30,51.32335662841797
2004-08-31,51.05213165283203
2004-09-01,51.46649169921875
2004-09-02,52.11444091796875
2004-09-03,51.66993713378906
2004-09-07,52.950748443603516
2004-09-08,52.33292770385742
2004-09-09,52.44597244262695
2004-09-10,54.66104507446289
2004-09-13,55.226104736328125
2004-09-14,55.3918342590332
2004-09-15,54.83431625366211
2004-09-16,54.71376419067383
2004-09-17,55.13566207885742
2004-09-20,54.81171417236328
2004-09-21,55.74596405029297
2004-09-22,55.331607818603516
2004-09-23,54.81923294067383
2004-09-24,55.45212936401367
2004-09-27,55.35415267944336
2004-09-28,56.49186325073242
2004-09-29,56.160362243652344
2004-09-30,55.67812728881836
2004-10-01,56.17544174194336
2004-10-04,56.424041748046875
2004-10-05,56.00213623046875
2004-10-06,56.57472229003906
2004-10-07,55.65556335449219
2004-10-08,54.95488739013672
2004-10-11,55.11307144165039
2004-10-12,54.27677917480469
2004-10-13,53.22196578979492
2004-10-14,52.15211868286133
2004-10-15,52.671974182128906
2004-10-18,52.5062255859375
2004-10-19,52.73979187011719
2004-10-20,52.02403259277344
2004-10-21,53.20690155029297
2004-10-22,52.589115142822266
2004-10-25,53.10895919799805
2004-10-26,54.87196731567383
2004-10-27,55.542537689208984
2004-10-28,55.24115753173828
2004-10-29,55.572662353515625
2004-11-01,56.115142822265625
2004-11-02,56.100074768066406
2004-11-03,56.32608413696289
2004-11-04,57.63703918457031
2004-11-05,58.11924743652344
2004-11-08,58.05146408081055
2004-11-09,58.60013961791992
2004-11-10,59.27847671508789
2004-11-11,59.73066711425781
2004-11-12,60.084930419921875
2004-11-15,60.09242630004883
2004-11-16,59.03725814819336
2004-11-17,59.37646484375
2004-11-18,59.72316360473633
2004-11-19,58.539833068847656
2004-11-22,58.94683837890625
2004-11-23,59.89649200439453
2004-11-24,60.288429260253906
2004-11-26,60.28086853027344
2004-11-29,59.17295455932617
2004-11-30,59.2257194519043
2004-12-01,59.76837158203125
2004-12-02,60.22813415527344
2004-12-03,59.72316360473633
2004-12-06,59.806026458740234
2004-12-07,59.30862808227539
2004-12-08,59.24076461791992
2004-12-09,59.68547439575195
2004-12-10,61.14010238647461
2004-12-13,61.788291931152344
2004-12-14,61.697845458984375
2004-12-15,62.14252471923828
2004-12-16,61.66769790649414
2004-12-17,61.8335075378418
2004-12-20,61.7505989074707
2004-12-21,62.36863708496094
2004-12-22,62.353553771972656
2004-12-23,62.12746810913086
2004-12-27,62.41384506225586
2004-12-28,63.27305603027344
2004-12-29,63.43133544921875
2004-12-30,63.15248489379883
2004-12-31,63.469024658203125
2005-01-03,63.16001892089844
2005-01-04,61.99178695678711
2005-01-05,61.37373733520508
2005-01-06,62.14252471923828
2005-01-07,61.77318572998047
2005-01-10,62.0369873046875
2005-01-11,61.87118911743164
2005-01-12,62.1576042175293
2005-01-13,61.8335075378418
2005-01-14,61.893795013427734
2005-01-18,62.50429153442383
2005-01-19,61.87871170043945
2005-01-20,59.28598403930664
2005-01-21,59.08247375488281
2005-01-24,57.846458435058594
2005-01-25,58.08008575439453
2005-01-26,59.35380554199219
2005-01-27,58.50217056274414
2005-01-28,58.50217056274414
2005-01-31,58.99959945678711
2005-02-01,59.88893508911133
2005-02-02,59.14281463623047
2005-02-03,59.10512161254883
2005-02-04,59.41412353515625
2005-02-07,59.21817398071289
2005-02-08,58.29607391357422
2005-02-09,57.9266471862793
2005-02-10,58.20559310913086
2005-02-11,59.11035919189453
2005-02-14,59.44963836669922
2005-02-15,59.18574905395508
2005-02-16,59.28376388549805
2005-02-17,58.71828842163086
2005-02-18,57.919090270996094
2005-02-22,56.54689025878906
2005-02-23,56.86355209350586
2005-02-24,57.30082702636719
2005-02-25,58.31870651245117
2005-02-28,57.81352996826172
2005-03-01,57.86634063720703
2005-03-02,57.707969665527344
2005-03-03,57.75323486328125
2005-03-04,58.86907958984375
2005-03-07,57.30082702636719
2005-03-08,59.374210357666016
2005-03-09,59.11035919189453
2005-03-10,59.344093322753906
2005-03-11,58.71828842163086
2005-03-14,59.57027053833008
2005-03-15,58.95956039428711
2005-03-16,58.0548095703125
2005-03-17,58.00205612182617
2005-03-18,57.78339767456055
2005-03-21,58.02466583251953
2005-03-22,57.02942657470703
2005-03-23,57.157588958740234
2005-03-24,56.58457565307617
2005-03-28,55.91354751586914
2005-03-29,55.611968994140625
2005-03-30,56.32822799682617
2005-03-31,56.373504638671875
2005-04-01,56.30562973022461
2005-04-04,56.41871643066406
2005-04-05,56.62226867675781
2005-04-06,56.6750602722168
2005-04-07,56.75800323486328
2005-04-08,56.06434631347656
2005-04-11,55.83064651489258
2005-04-12,56.47146224975586
2005-04-13,56.192543029785156
2005-04-14,55.96634292602539
2005-04-15,55.03895950317383
2005-04-18,54.91834259033203
2005-04-19,55.37823486328125
2005-04-20,54.465965270996094
2005-04-21,54.006065368652344
2005-04-22,53.26715850830078
2005-04-25,54.12666702270508
2005-04-26,53.52349853515625
2005-04-27,53.990970611572266
2005-04-28,53.493350982666016
2005-04-29,53.44812774658203
2005-05-02,54.073890686035156
2005-05-03,53.9608268737793
2005-05-04,54.662017822265625
2005-05-05,54.285011291503906
2005-05-06,53.97349548339844
2005-05-09,54.08665084838867
2005-05-10,53.611480712890625
2005-05-11,54.27521514892578
2005-05-12,53.717063903808594
2005-05-13,53.56624221801758
2005-05-16,54.825801849365234
2005-05-17,55.2557373046875
2005-05-18,55.96470642089844
2005-05-19,56.19852828979492
2005-05-20,56.07027053833008
2005-05-23,55.90435791015625
2005-05-24,55.96470642089844
2005-05-25,55.80632400512695
2005-05-26,56.09291458129883
2005-05-27,56.47005081176758
2005-05-31,56.86980056762695
2005-06-01,56.96783447265625
2005-06-02,56.91505813598633
2005-06-03,56.515296936035156
2005-06-06,56.37953567504883
2005-06-07,56.5681037902832
2005-06-08,56.477603912353516
2005-06-09,56.8094482421875
2005-06-10,56.22117614746094
2005-06-13,56.30410385131836
2005-06-14,56.115562438964844
2005-06-15,56.628440856933594
2005-06-16,56.49264907836914
2005-06-17,56.55303955078125
2005-06-20,56.55303955078125
2005-06-21,56.409725189208984
2005-06-22,56.145694732666016
2005-06-23,55.135013580322266
2005-06-24,55.331153869628906
2005-06-27,55.52724838256836
2005-06-28,56.077842712402344
2005-06-29,55.730899810791016
2005-06-30,60.34687042236328
2005-07-01,59.43422317504883
2005-07-05,59.58504867553711
2005-07-06,60.052677154541016
2005-07-07,61.440494537353516
2005-07-08,61.73464584350586
2005-07-11,62.134395599365234
2005-07-12,62.4662971496582
2005-07-13,62.57942199707031
2005-07-14,62.14195251464844
2005-07-15,61.97600555419922
2005-07-18,61.546104431152344
2005-07-19,61.289676666259766
2005-07-20,61.13127899169922
2005-07-21,63.484474182128906
2005-07-22,64.03510284423828
2005-07-25,63.16017150878906
2005-07-26,63.09983825683594
2005-07-27,62.66236114501953
2005-07-28,63.047061920166016
2005-07-29,62.22491455078125
2005-08-01,62.86602020263672
2005-08-02,62.94898986816406
2005-08-03,62.70763397216797
2005-08-04,63.31855392456055
2005-08-05,63.62027359008789
2005-08-08,63.33881759643555
2005-08-09,63.783958435058594
2005-08-10,62.410831451416016
2005-08-11,62.908729553222656
2005-08-12,62.87104415893555
2005-08-15,62.984230041503906
2005-08-16,63.157745361328125
2005-08-17,64.29702758789062
2005-08-18,63.980125427246094
2005-08-19,63.980125427246094
2005-08-22,64.4630126953125
2005-08-23,63.46710968017578
2005-08-24,62.5013542175293
2005-08-25,62.50890350341797
2005-08-26,61.218727111816406
2005-08-29,61.6412467956543
2005-08-30,61.384727478027344
2005-08-31,62.048648834228516
2005-09-01,60.45671463012695
2005-09-02,61.89777755737305
2005-09-06,60.73588943481445
2005-09-07,59.94365310668945
2005-09-08,59.589054107666016
2005-09-09,59.83049774169922
2005-09-12,60.89433288574219
2005-09-13,60.77357482910156
2005-09-14,60.720802307128906
2005-09-15,60.56986999511719
2005-09-16,61.867584228515625
2005-09-19,61.82987976074219
2005-09-20,61.82229995727539
2005-09-21,59.9134635925293
2005-09-22,59.86819839477539
2005-09-23,60.253013610839844
2005-09-26,60.78868865966797
2005-09-27,60.47935104370117
2005-09-28,60.358638763427734
2005-09-29,60.66042709350586
2005-09-30,59.99649429321289
2005-10-03,60.4340934753418
2005-10-04,59.3853645324707
2005-10-05,58.19326400756836
2005-10-06,57.39350128173828
2005-10-07,56.99362564086914
2005-10-10,56.435306549072266
2005-10-11,55.424312591552734
2005-10-12,54.87355422973633
2005-10-13,54.33030700683594
2005-10-14,55.054588317871094
2005-10-17,54.813167572021484
2005-10-18,54.420867919921875
2005-10-19,55.4921989440918
2005-10-20,54.77544403076172
2005-10-21,56.17123794555664
2005-10-24,57.27280807495117
2005-10-25,56.42023849487305
2005-10-26,56.601295471191406
2005-10-27,55.952430725097656
2005-10-28,56.78238296508789
2005-10-31,57.60476303100586
2005-11-01,57.182273864746094
2005-11-02,57.15206527709961
2005-11-03,56.99362564086914
2005-11-04,57.536869049072266
2005-11-07,58.32151412963867
2005-11-08,56.756919860839844
2005-11-09,58.91550064086914
2005-11-10,60.817466735839844
2005-11-11,60.99862289428711
2005-11-14,61.06653594970703
2005-11-15,61.323150634765625
2005-11-16,61.69293975830078
2005-11-17,62.41755294799805
2005-11-18,63.65529251098633
2005-11-21,63.5345344543457
2005-11-22,63.68549346923828
2005-11-23,63.798709869384766
2005-11-25,64.10816192626953
2005-11-28,63.059078216552734
2005-11-29,63.25531005859375
2005-11-30,62.68922424316406
2005-12-01,63.587379455566406
2005-12-02,63.798709869384766
2005-12-05,63.37606430053711
2005-12-06,63.96477127075195
2005-12-07,63.0968132019043
2005-12-08,62.48543930053711
2005-12-09,63.75342559814453
2005-12-12,63.26286697387695
2005-12-13,62.83262252807617
2005-12-14,64.01004028320312
2005-12-15,64.70442199707031
2005-12-16,64.71197509765625
2005-12-19,64.90821075439453
2005-12-20,66.304443359375
2005-12-21,66.19882202148438
2005-12-22,66.25166320800781
2005-12-23,66.42526245117188
2005-12-27,65.65538787841797
2005-12-28,65.33839416503906
2005-12-29,65.4440689086914
2005-12-30,65.21012115478516
2006-01-03,65.64786529541016
2006-01-04,65.2252197265625
2006-01-05,65.24029541015625
2006-01-06,65.24029541015625
2006-01-09,66.50824737548828
2006-01-10,66.20633697509766
2006-01-11,66.41767120361328
2006-01-12,65.43650817871094
2006-01-13,65.3912582397461
2006-01-17,64.90821075439453
2006-01-18,64.90821075439453
2006-01-19,64.54591369628906
2006-01-20,64.28177642822266
2006-01-23,63.77607727050781
2006-01-24,63.68549346923828
2006-01-25,63.021358489990234
2006-01-26,64.00247955322266
2006-01-27,63.957210540771484
2006-01-30,63.610023498535156
2006-01-31,62.870391845703125
2006-02-01,62.847755432128906
2006-02-02,62.41755294799805
2006-02-03,62.847755432128906
2006-02-06,62.870391845703125
2006-02-07,61.700531005859375
2006-02-08,63.01194763183594
2006-02-09,63.51777267456055
2006-02-10,64.30298614501953
2006-02-13,64.92208862304688
2006-02-14,65.5562973022461
2006-02-15,66.86243438720703
2006-02-16,66.3641586303711
2006-02-17,65.88094329833984
2006-02-21,65.84318542480469
2006-02-22,67.7080078125
2006-02-23,67.03606414794922
2006-02-24,67.08138275146484
2006-02-27,67.02852630615234
2006-02-28,66.13761901855469
2006-03-01,66.65857696533203
2006-03-02,67.31542205810547
2006-03-03,66.70386505126953
2006-03-06,66.04702758789062
2006-03-07,65.53363800048828
2006-03-08,64.95227813720703
2006-03-09,64.85414123535156
2006-03-10,67.88922119140625
2006-03-13,62.74014663696289
2006-03-14,62.17390441894531
2006-03-15,62.6948356628418
2006-03-16,63.41965866088867
2006-03-17,61.83414840698242
2006-03-20,61.15467071533203
2006-03-21,61.10181427001953
2006-03-22,61.95497131347656
2006-03-23,61.849239349365234
2006-03-24,61.985137939453125
2006-03-27,62.2720832824707
2006-03-28,61.381160736083984
2006-03-29,61.72846603393555
2006-03-30,61.07915496826172
2006-03-31,60.79225158691406
2006-04-03,61.23014831542969
2006-04-04,62.04558563232422
2006-04-05,62.204097747802734
2006-04-06,62.3475341796875
2006-04-07,62.73261642456055
2006-04-10,63.04973220825195
2006-04-11,62.55139923095703
2006-04-12,62.853397369384766
2006-04-13,63.34416961669922
2006-04-17,62.97420883178711
2006-04-18,63.42720031738281
2006-04-19,63.291290283203125
2006-04-20,63.09503173828125
2006-04-21,64.9975814819336
2006-04-24,64.59744262695312
2006-04-25,64.04631042480469
2006-04-26,64.32563018798828
2006-04-27,64.67295837402344
2006-04-28,65.41284942626953
2006-05-01,64.55213165283203
2006-05-02,64.45401000976562
2006-05-03,64.60499572753906
2006-05-04,64.28787231445312
2006-05-05,64.79369354248047
2006-05-08,65.16150665283203
2006-05-09,65.62223052978516
2006-05-10,65.8790283203125
2006-05-11,65.53915405273438
2006-05-12,64.95008850097656
2006-05-15,65.34278106689453
2006-05-16,64.81411743164062
2006-05-17,63.545310974121094
2006-05-18,63.34144973754883
2006-05-19,63.23567581176758
2006-05-22,61.868717193603516
2006-05-23,62.2538948059082
2006-05-24,61.861167907714844
2006-05-25,62.88825607299805
2006-05-26,63.099761962890625
2006-05-30,62.32185363769531
2006-05-31,62.510684967041016
2006-06-01,63.08466339111328
2006-06-02,63.2205810546875
2006-06-05,61.929134368896484
2006-06-06,62.44270706176758
2006-06-07,62.82030487060547
2006-06-08,62.971336364746094
2006-06-09,62.84297561645508
2006-06-12,62.75236511230469
2006-06-13,62.30674743652344
2006-06-14,62.35209655761719
2006-06-15,63.23567581176758
2006-06-16,63.30364227294922
2006-06-19,63.545310974121094
2006-06-20,63.43962860107422
2006-06-21,64.29299926757812
2006-06-22,64.16461944580078
2006-06-23,64.48934936523438
2006-06-26,64.87454223632812
2006-06-27,63.741703033447266
2006-06-28,64.11175537109375
2006-06-29,65.58445739746094
2006-06-30,64.53470611572266
2006-07-03,65.04071044921875
2006-07-05,63.65106201171875
2006-07-06,63.62084197998047
2006-07-07,63.983360290527344
2006-07-10,64.17973327636719
2006-07-11,64.23262023925781
2006-07-12,64.01361083984375
2006-07-13,63.16016387939453
2006-07-14,62.82030487060547
2006-07-17,62.73723602294922
2006-07-18,62.60883331298828
2006-07-19,64.85189056396484
2006-07-20,65.07847595214844
2006-07-21,58.68163299560547
2006-07-24,58.69672393798828
2006-07-25,59.15741729736328
2006-07-26,59.4293098449707
2006-07-27,57.14097595214844
2006-07-28,58.674072265625
2006-07-31,58.41733169555664
2006-08-01,59.436859130859375
2006-08-02,60.02592468261719
2006-08-03,60.9850959777832
2006-08-04,59.77670669555664
2006-08-07,59.240516662597656
2006-08-08,58.392066955566406
2006-08-09,56.4051399230957
2006-08-10,55.45323181152344
2006-08-11,54.2595329284668
2006-08-14,55.06035232543945
2006-08-15,55.83095932006836
2006-08-16,56.23139953613281
2006-08-17,56.669578552246094
2006-08-18,56.1255989074707
2006-08-21,55.20391082763672
2006-08-22,54.471073150634766
2006-08-23,54.350196838378906
2006-08-24,53.64002227783203
2006-08-25,52.79388427734375
2006-08-28,53.62492370605469
2006-08-29,54.403106689453125
2006-08-30,55.438087463378906
2006-08-31,55.2265510559082
2006-09-01,55.498538970947266
2006-09-05,56.208736419677734
2006-09-06,55.01502990722656
2006-09-07,54.65995407104492
2006-09-08,54.743064880371094
2006-09-11,54.29732131958008
2006-09-12,57.379703521728516
2006-09-13,57.20595169067383
2006-09-14,56.2615852355957
2006-09-15,57.48550796508789
2006-09-18,57.27395248413086
2006-09-19,56.730010986328125
2006-09-20,58.11256408691406
2006-09-21,57.82548904418945
2006-09-22,58.135215759277344
2006-09-25,58.618736267089844
2006-09-26,58.679168701171875
2006-09-27,59.208011627197266
2006-09-28,60.51504135131836
2006-09-29,59.427093505859375
2006-10-02,58.40721893310547
2006-10-03,59.14759063720703
2006-10-04,59.90310287475586
2006-10-05,59.72932052612305
2006-10-06,59.38935089111328
2006-10-09,59.94084930419922
2006-10-10,60.6661376953125
2006-10-11,60.03151321411133
2006-10-12,61.36872100830078
2006-10-13,61.66338348388672
2006-10-16,61.618064880371094
2006-10-17,60.938114166259766
2006-10-18,60.522586822509766
2006-10-19,61.874908447265625
2006-10-20,61.37627410888672
2006-10-23,61.13455581665039
2006-10-24,60.93055725097656
2006-10-25,62.26779556274414
2006-10-26,62.494407653808594
2006-10-27,61.69361114501953
2006-10-30,61.353599548339844
2006-10-31,59.93330383300781
2006-11-01,58.0672492980957
2006-11-02,57.91613006591797
2006-11-03,57.840572357177734
2006-11-06,59.442222595214844
2006-11-07,58.603633880615234
2006-11-08,58.57112503051758
2006-11-09,57.75489044189453
2006-11-10,58.58621597290039
2006-11-13,58.57112503051758
2006-11-14,58.23106002807617
2006-11-15,58.26127624511719
2006-11-16,57.135189056396484
2006-11-17,57.05963134765625
2006-11-20,56.659061431884766
2006-11-21,56.666629791259766
2006-11-22,57.15028762817383
2006-11-24,56.98403549194336
2006-11-27,56.81779098510742
2006-11-28,56.991607666015625
2006-11-29,58.43510818481445
2006-11-30,58.85833740234375
2006-12-01,58.67693328857422
2006-12-04,59.0699348449707
2006-12-05,58.8885383605957
2006-12-06,58.63156509399414
2006-12-07,57.8607177734375
2006-12-08,57.573516845703125
2006-12-11,57.83050537109375
2006-12-12,57.762489318847656
2006-12-13,58.25370407104492
2006-12-14,58.3822021484375
2006-12-15,57.898494720458984
2006-12-18,58.20839309692383
2006-12-19,57.98921585083008
2006-12-20,58.465354919433594
2006-12-21,58.58621597290039
2006-12-22,58.495582580566406
2006-12-26,58.964134216308594
2006-12-27,59.12282943725586
2006-12-28,59.009464263916016
2006-12-29,58.05722427368164
2007-01-03,58.3822021484375
2007-01-04,58.314186096191406
2007-01-05,58.314186096191406
2007-01-08,58.51822280883789
2007-01-09,57.91360855102539
2007-01-10,57.210777282714844
2007-01-11,57.4299430847168
2007-01-12,58.20839309692383
2007-01-16,57.58108901977539
2007-01-17,57.83803176879883
2007-01-18,57.30144119262695
2007-01-19,59.614078521728516
2007-01-22,59.69721603393555
2007-01-23,60.498294830322266
2007-01-24,60.64189910888672
2007-01-25,59.462928771972656
2007-01-26,60.05996322631836
2007-01-29,59.51582336425781
2007-01-30,60.57387161254883
2007-01-31,60.7628173828125
2007-02-01,60.2488899230957
2007-02-02,61.07265853881836
2007-02-05,61.69997024536133
2007-02-06,62.4935302734375
2007-02-07,63.18879699707031
2007-02-08,62.581722259521484
2007-02-09,61.99962615966797
2007-02-12,61.61405944824219
2007-02-13,61.82573318481445
2007-02-14,61.89376449584961
2007-02-15,62.25665283203125
2007-02-16,62.044986724853516
2007-02-20,62.097900390625
2007-02-21,62.211280822753906
2007-02-22,62.22638702392578
2007-02-23,60.842933654785156
2007-02-26,60.72193908691406
2007-02-27,58.310325622558594
2007-02-28,58.23474884033203
2007-03-01,58.325443267822266
2007-03-02,58.04573059082031
2007-03-05,56.22377395629883
2007-03-06,57.350189208984375
2007-03-07,56.55641555786133
2007-03-08,57.94744873046875
2007-03-09,58.212059020996094
2007-03-12,57.59212112426758
2007-03-13,56.51105880737305
2007-03-14,56.85881805419922
2007-03-15,57.41822814941406
2007-03-16,56.662235260009766
2007-03-19,57.18389892578125
2007-03-20,57.61481475830078
2007-03-21,59.02098083496094
2007-03-22,58.786590576171875
2007-03-23,58.88490676879883
2007-03-26,58.544681549072266
2007-03-27,57.93989944458008
2007-03-28,57.07048797607422
2007-03-29,57.19145584106445
2007-03-30,57.04782485961914
2007-04-02,55.61896514892578
2007-04-03,56.21621322631836
2007-04-04,55.39973449707031
2007-04-05,55.46022033691406
2007-04-09,55.51311492919922
2007-04-10,55.95162582397461
2007-04-11,55.883548736572266
2007-04-12,55.81551742553711
2007-04-13,56.74539566040039
2007-04-16,57.69040298461914
2007-04-17,58.30276107788086
2007-04-18,58.72612380981445
2007-04-19,58.46910858154297
2007-04-20,55.0368537902832
2007-04-23,53.11661148071289
2007-04-24,54.40937423706055
2007-04-25,55.90624237060547
2007-04-26,57.07048797607422
2007-04-27,56.63199996948242
2007-04-30,56.140625
2007-05-01,55.74748611450195
2007-05-02,56.05746078491211
2007-05-03,56.32206344604492
2007-05-04,56.26914596557617
2007-05-07,56.93438720703125
2007-05-08,57.015323638916016
2007-05-09,56.954811096191406
2007-05-10,57.59010314941406
2007-05-11,58.38419723510742
2007-05-14,58.29343032836914
2007-05-15,58.07411193847656
2007-05-16,58.21781921386719
2007-05-17,58.142173767089844
2007-05-18,58.565677642822266
2007-05-21,58.928680419921875
2007-05-22,59.45806884765625
2007-05-23,60.32779312133789
2007-05-24,59.4127082824707
2007-05-25,59.57907485961914
2007-05-29,60.32779312133789
2007-05-30,60.50177001953125
2007-05-31,60.33538055419922
2007-06-01,60.615177154541016
2007-06-04,60.426143646240234
2007-06-05,60.41096115112305
2007-06-06,60.20681381225586
2007-06-07,60.191673278808594
2007-06-08,60.49418258666992
2007-06-11,60.93281555175781
2007-06-12,60.27484893798828
2007-06-13,60.985748291015625
2007-06-14,60.81935501098633
2007-06-15,61.06893539428711
2007-06-18,61.900821685791016
2007-06-19,61.74204635620117
2007-06-20,60.8571891784668
2007-06-21,61.18239212036133
2007-06-22,60.52442169189453
2007-06-25,60.047996520996094
2007-06-26,59.60176467895508
2007-06-27,59.594200134277344
2007-06-28,60.2521858215332
2007-06-29,59.32197570800781
2007-07-02,59.5564079284668
2007-07-03,59.70010757446289
2007-07-05,59.01189041137695
2007-07-06,59.450531005859375
2007-07-09,59.63202667236328
2007-07-10,57.234649658203125
2007-07-11,56.440582275390625
2007-07-12,57.2573356628418
2007-07-13,56.98506164550781
2007-07-16,57.6279182434082
2007-07-17,57.77159118652344
2007-07-18,57.764041900634766
2007-07-19,57.106075286865234
2007-07-20,58.73208236694336
2007-07-23,59.027015686035156
2007-07-24,56.992637634277344
2007-07-25,56.81114196777344
2007-07-26,55.83553695678711
2007-07-27,55.222957611083984
2007-07-30,55.57843780517578
2007-07-31,53.513797760009766
2007-08-01,52.908775329589844
2007-08-02,53.846561431884766
2007-08-03,50.92734146118164
2007-08-06,53.128089904785156
2007-08-07,53.40032196044922
2007-08-08,54.1622200012207
2007-08-09,51.44614791870117
2007-08-10,52.27836227416992
2007-08-13,51.801734924316406
2007-08-14,49.93303298950195
2007-08-15,47.6860466003418
2007-08-16,49.07054901123047
2007-08-17,52.01357650756836
2007-08-20,50.4777717590332
2007-08-21,51.801734924316406
2007-08-22,50.64419937133789
2007-08-23,50.57611083984375
2007-08-24,50.17512893676758
2007-08-27,49.85737228393555
2007-08-28,48.230770111083984
2007-08-29,49.206729888916016
2007-08-30,48.609046936035156
2007-08-31,48.91925048828125
2007-09-04,48.97220993041992
2007-09-05,47.76926040649414
2007-09-06,48.510704040527344
2007-09-07,47.43638229370117
2007-09-10,47.504459381103516
2007-09-11,48.48043441772461
2007-09-12,49.22943115234375
2007-09-13,50.24321365356445
2007-09-14,50.016239166259766
2007-09-17,49.3580436706543
2007-09-18,52.755008697509766
2007-09-19,53.70069122314453
2007-09-20,52.49779510498047
2007-09-21,52.21783447265625
2007-09-24,50.51557540893555
2007-09-25,49.827117919921875
2007-09-26,50.00869369506836
2007-09-27,50.53828430175781
2007-09-28,50.25834274291992
2007-10-01,51.68825912475586
2007-10-02,52.44480514526367
2007-10-03,53.18623733520508
2007-10-04,53.75367736816406
2007-10-05,55.1835823059082
2007-10-08,53.904972076416016
2007-10-09,54.47997283935547
2007-10-10,53.58721923828125
2007-10-11,54.38918685913086
2007-10-12,53.62503433227539
2007-10-15,51.83957290649414
2007-10-16,50.6820182800293
2007-10-17,50.613922119140625
2007-10-18,49.93303298950195
2007-10-19,47.42124557495117
2007-10-22,47.61039733886719
2007-10-23,46.95218276977539
2007-10-24,48.215633392333984
2007-10-25,46.876522064208984
2007-10-26,48.7225341796875
2007-10-29,49.84980773925781
2007-10-30,49.35049057006836
2007-10-31,49.622825622558594
2007-11-01,47.12619400024414
2007-11-02,46.278839111328125
2007-11-05,45.794647216796875
2007-11-06,44.99269104003906
2007-11-07,38.00419235229492
2007-11-08,40.0402717590332
2007-11-09,41.06964111328125
2007-11-12,41.07722091674805
2007-11-13,43.090599060058594
2007-11-14,41.856834411621094
2007-11-15,39.956993103027344
2007-11-16,40.15378952026367
2007-11-19,38.9805908203125
2007-11-20,38.40534591674805
2007-11-21,37.70142364501953
2007-11-23,39.41202163696289
2007-11-26,37.239715576171875
2007-11-27,37.21699523925781
2007-11-28,40.577659606933594
2007-11-29,39.298492431640625
2007-11-30,40.350589752197266
2007-12-03,38.518882751464844
2007-12-04,37.76954650878906
2007-12-05,37.7922477722168
2007-12-06,39.68451690673828
2007-12-07,37.6938362121582
2007-12-10,39.41202163696289
2007-12-11,37.7922477722168
2007-12-12,36.5357780456543
2007-12-13,36.79313278198242
2007-12-14,35.72590637207031
2007-12-17,34.560264587402344
2007-12-18,35.196067810058594
2007-12-19,34.81761169433594
2007-12-20,34.74949645996094
2007-12-21,36.08921432495117
2007-12-24,36.490379333496094
2007-12-26,36.2103271484375
2007-12-27,35.33987808227539
2007-12-28,35.249053955078125
2007-12-31,35.77132034301758
2008-01-02,35.83944320678711
2008-01-03,35.32474136352539
2008-01-04,34.79490280151367
2008-01-07,35.46098709106445
2008-01-08,32.69071578979492
2008-01-09,32.81181716918945
2008-01-10,32.48635482788086
2008-01-11,32.236572265625
2008-01-14,32.59989547729492
2008-01-15,31.790016174316406
2008-01-16,32.95564270019531
2008-01-17,31.078508377075195
2008-01-18,30.03396987915039
2008-01-22,30.13237190246582
2008-01-23,33.45519256591797
2008-01-24,36.14219284057617
2008-01-25,35.203636169433594
2008-01-28,37.76197814941406
2008-01-29,39.12439727783203
2008-01-30,39.05626678466797
2008-01-31,41.34214401245117
2008-02-01,43.12084197998047
2008-02-04,39.85102844238281
2008-02-05,37.996612548828125
2008-02-06,37.512184143066406
2008-02-07,38.210044860839844
2008-02-08,37.355857849121094
2008-02-11,35.70846939086914
2008-02-12,36.18895721435547
2008-02-13,37.4321174621582
2008-02-14,36.29573440551758
2008-02-15,36.34911346435547
2008-02-19,36.65419006347656
2008-02-20,37.622802734375
2008-02-21,36.36436462402344
2008-02-22,36.54740905761719
2008-02-25,37.02027130126953
2008-02-26,38.0880126953125
2008-02-27,38.00413131713867
2008-02-28,36.92874526977539
2008-02-29,35.10594940185547
2008-03-03,34.29751968383789
2008-03-04,34.6407356262207
2008-03-05,33.80177688598633
2008-03-06,32.41371154785156
2008-03-07,33.069610595703125
2008-03-10,31.467979431152344
2008-03-11,35.6321907043457
2008-03-12,36.34149932861328
2008-03-13,37.782958984375
2008-03-14,36.50165939331055
2008-03-17,36.19657897949219
2008-03-18,39.270172119140625
2008-03-19,37.72193145751953
2008-03-20,40.61249923706055
2008-03-24,41.45140838623047
2008-03-25,40.459930419921875
2008-03-26,39.08711624145508
2008-03-27,38.49223709106445
2008-03-28,37.36347579956055
2008-03-31,37.53889083862305
2008-04-01,40.78788757324219
2008-04-02,40.55907440185547
2008-04-03,40.414188385009766
2008-04-04,39.102378845214844
2008-04-07,40.467552185058594
2008-04-08,40.8107795715332
2008-04-09,38.61426544189453
2008-04-10,37.843971252441406
2008-04-11,36.83722686767578
2008-04-14,35.93726348876953
2008-04-15,35.06019592285156
2008-04-16,35.27375793457031
2008-04-17,37.17279815673828
2008-04-18,36.00593185424805
2008-04-21,36.50165939331055
2008-04-22,35.3729133605957
2008-04-23,35.02206039428711
2008-04-24,36.95163345336914
2008-04-25,38.82780838012695
2008-04-28,41.04718780517578
2008-04-29,40.88703155517578
2008-04-30,40.42181396484375
2008-05-01,42.572547912597656
2008-05-02,42.1225700378418
2008-05-05,42.25221633911133
2008-05-06,42.6793212890625
2008-05-07,41.337013244628906
2008-05-08,41.287105560302734
2008-05-09,40.63432693481445
2008-05-12,41.409969329833984
2008-05-13,39.743446350097656
2008-05-14,39.359439849853516
2008-05-15,40.47303009033203
2008-05-16,39.6666374206543
2008-05-19,39.71271896362305
2008-05-20,38.21513366699219
2008-05-21,36.84811782836914
2008-05-22,37.570030212402344
2008-05-23,36.4564323425293
2008-05-27,37.31660079956055
2008-05-28,37.2628288269043
2008-05-29,37.30889892578125
2008-05-30,36.955631256103516
2008-06-02,35.75756072998047
2008-06-03,36.003334045410156
2008-06-04,36.233734130859375
2008-06-05,38.10763168334961
2008-06-06,35.442691802978516
2008-06-09,34.12944412231445
2008-06-10,33.85295486450195
2008-06-11,32.65489196777344
2008-06-12,33.453609466552734
2008-06-13,34.26767349243164
2008-06-16,35.051029205322266
2008-06-17,33.691688537597656
2008-06-18,32.53201675415039
2008-06-19,32.163394927978516
2008-06-20,31.410755157470703
2008-06-23,30.35093879699707
2008-06-24,31.472198486328125
2008-06-25,31.587400436401367
2008-06-26,29.68278694152832
2008-06-27,29.421672821044922
2008-06-30,29.191261291503906
2008-07-01,30.82707977294922
2008-07-02,29.86709976196289
2008-07-03,29.521509170532227
2008-07-07,28.66904640197754
2008-07-08,31.53365135192871
2008-07-09,30.258773803710938
2008-07-10,30.98836326599121
2008-07-11,29.613664627075195
2008-07-14,27.417221069335938
2008-07-15,25.919631958007812
2008-07-16,28.630632400512695
2008-07-17,32.86993408203125
2008-07-18,32.92368698120117
2008-07-21,32.31698226928711
2008-07-22,32.409149169921875
2008-07-23,33.21553421020508
2008-07-24,30.466123580932617
2008-07-25,30.158935546875
2008-07-28,28.47703742980957
2008-07-29,31.4798641204834
2008-07-30,32.508975982666016
2008-07-31,32.14801788330078
2008-08-01,31.87923240661621
2008-08-04,31.141952514648438
2008-08-05,34.73615264892578
2008-08-06,34.56718826293945
2008-08-07,32.52654266357422
2008-08-08,33.60300064086914
2008-08-11,35.62431716918945
2008-08-12,33.42490005493164
2008-08-13,31.58946990966797
2008-08-14,32.356170654296875
2008-08-15,34.03670883178711
2008-08-18,32.36390686035156
2008-08-19,31.24870491027832
2008-08-20,31.976688385009766
2008-08-21,31.922470092773438
2008-08-22,32.79759216308594
2008-08-25,32.27097702026367
2008-08-26,32.39488220214844
2008-08-27,32.98344421386719
2008-08-28,34.183837890625
2008-08-29,34.183837890625
2008-09-02,34.787899017333984
2008-09-03,35.360992431640625
2008-09-04,33.556556701660156
2008-09-05,34.625282287597656
2008-09-08,37.73853302001953
2008-09-09,35.23708724975586
2008-09-10,35.29904556274414
2008-09-11,35.88761520385742
2008-09-12,35.57783508300781
2008-09-15,34.61753463745117
2008-09-16,37.97861862182617
2008-09-17,35.88761520385742
2008-09-18,41.819828033447266
2008-09-19,43.40743637084961
2008-09-22,42.168331146240234
2008-09-23,41.602996826171875
2008-09-24,40.65043640136719
2008-09-25,38.56716537475586
2008-09-26,42.24576950073242
2008-09-29,34.07540512084961
2008-09-30,39.49651336669922
2008-10-01,39.8217887878418
2008-10-02,36.228363037109375
2008-10-03,34.77240753173828
2008-10-06,32.28646469116211
2008-10-07,29.088024139404297
2008-10-08,27.717260360717773
2008-10-09,25.87409210205078
2008-10-10,27.523653030395508
2008-10-13,30.776294708251953
2008-10-14,34.439422607421875
2008-10-15,29.242902755737305
2008-10-16,29.97088050842285
2008-10-17,30.91570281982422
2008-10-20,31.194499969482422
2008-10-21,30.110286712646484
2008-10-22,28.18967056274414
2008-10-23,27.65530014038086
2008-10-24,27.337783813476562
2008-10-27,26.640789031982422
2008-10-28,30.90021514892578
2008-10-29,29.31260108947754
2008-10-30,29.521699905395508
2008-10-31,30.29613494873047
2008-11-03,30.683366775512695
2008-11-04,33.161590576171875
2008-11-05,29.606895446777344
2008-11-06,27.217527389526367
2008-11-07,27.029829025268555
2008-11-10,25.465614318847656
2008-11-11,25.06672477722168
2008-11-12,23.494678497314453
2008-11-13,26.247718811035156
2008-11-14,24.394107818603516
2008-11-17,23.36172103881836
2008-11-18,22.87681007385254
2008-11-19,20.725997924804688
2008-11-20,19.701431274414062
2008-11-21,20.984088897705078
2008-11-24,24.832088470458984
2008-11-25,26.357206344604492
2008-11-26,27.076766967773438
2008-11-28,26.912513732910156
2008-12-01,21.21872901916504
2008-12-02,22.908100128173828
2008-12-03,24.70694923400879
2008-12-04,24.237689971923828
2008-12-05,25.590744018554688
2008-12-08,26.849945068359375
2008-12-09,25.715879440307617
2008-12-10,25.090192794799805
2008-12-11,21.781858444213867
2008-12-12,21.99302864074707
2008-12-15,20.420970916748047
2008-12-16,23.041053771972656
2008-12-17,23.048879623413086
2008-12-18,23.275693893432617
2008-12-19,24.222047805786133
2008-12-22,23.41646957397461
2008-12-23,22.681283950805664
2008-12-24,22.994125366210938
2008-12-26,23.05669593811035
2008-12-29,22.923742294311523
2008-12-30,24.136016845703125
2008-12-31,24.94158935546875
2009-01-02,26.052194595336914
2009-01-05,25.841032028198242
2009-01-06,26.701343536376953
2009-01-07,24.77735710144043
2009-01-08,24.190765380859375
2009-01-09,22.939380645751953
2009-01-12,21.22654914855957
2009-01-13,21.852237701416016
2009-01-14,20.006458282470703
2009-01-15,19.920421600341797
2009-01-16,18.84893035888672
2009-01-20,17.926036834716797
2009-01-21,17.957319259643555
2009-01-22,17.159564971923828
2009-01-23,15.110427856445312
2009-01-26,14.523841857910156
2009-01-27,13.999829292297363
2009-01-28,15.876895904541016
2009-01-29,13.194247245788574
2009-01-30,12.388678550720215
2009-02-02,13.1629638671875
2009-02-03,11.72387981414795
2009-02-04,11.364103317260742
2009-02-05,11.1138277053833
2009-02-06,11.648029327392578
2009-02-09,12.009522438049316
2009-02-10,10.322566986083984
2009-02-11,10.852754592895508
2009-02-12,9.864679336547852
2009-02-13,9.728111267089844
2009-02-17,8.13755989074707
2009-02-18,8.796272277832031
2009-02-19,7.261944770812988
2009-02-20,8.041157722473145
2009-02-23,7.334243297576904
2009-02-24,9.085460662841797
2009-02-25,9.856649398803711
2009-02-26,10.426996231079102
2009-02-27,9.67991828918457
2009-03-02,8.113457679748535
2009-03-03,8.19378662109375
2009-03-04,8.39461612701416
2009-03-05,7.2217817306518555
2009-03-06,6.675526142120361
2009-03-09,7.0129194259643555
2009-03-10,8.073290824890137
2009-03-11,8.691842079162598
2009-03-12,10.692091941833496
2009-03-13,10.089605331420898
2009-03-16,10.097640991210938
2009-03-17,10.740288734436035
2009-03-18,11.431135177612305
2009-03-19,9.880743980407715
2009-03-20,9.109564781188965
2009-03-23,10.94111442565918
2009-03-24,10.692091941833496
2009-03-25,11.615894317626953
2009-03-26,11.897059440612793
2009-03-27,11.431135177612305
2009-03-30,9.117595672607422
2009-03-31,9.832544326782227
2009-04-01,10.418964385986328
2009-04-02,10.555525779724121
2009-04-03,11.101778030395508
2009-04-06,10.298467636108398
2009-04-07,10.290433883666992
2009-04-08,11.093746185302734
2009-04-09,14.025838851928711
2009-04-13,15.43163013458252
2009-04-14,13.712543487548828
2009-04-15,13.913372993469238
2009-04-16,14.347162246704102
2009-04-17,14.339126586914062
2009-04-20,10.748320579528809
2009-04-21,12.089851379394531
2009-04-22,11.551630020141602
2009-04-23,13.600081443786621
2009-04-24,15.279006958007812
2009-04-27,13.447447776794434
2009-04-28,12.997594833374023
2009-04-29,14.041900634765625
2009-04-30,13.447447776794434
2009-05-01,13.929433822631836
2009-05-04,16.31528091430664
2009-05-05,15.640495300292969
2009-05-06,17.986167907714844
2009-05-07,21.2951717376709
2009-05-08,25.232160568237305
2009-05-11,21.818490982055664
2009-05-12,20.522262573242188
2009-05-13,19.290449142456055
2009-05-14,19.789621353149414
2009-05-15,19.75741958618164
2009-05-18,20.981178283691406
2009-05-19,20.047243118286133
2009-05-20,18.60610008239746
2009-05-21,18.4611759185791
2009-05-22,17.648025512695312
2009-05-26,18.227706909179688
2009-05-27,17.945913314819336
2009-05-28,18.734920501708984
2009-05-29,19.676904678344727
2009-06-01,19.998945236206055
2009-06-02,19.68494987487793
2009-06-03,19.25018882751465
2009-06-04,20.127769470214844
2009-06-05,19.411212921142578
2009-06-08,18.87179183959961
2009-06-09,19.362899780273438
2009-06-10,19.50782585144043
2009-06-11,19.797658920288086
2009-06-12,19.274349212646484
2009-06-15,18.839582443237305
2009-06-16,18.638301849365234
2009-06-17,18.09888458251953
2009-06-18,17.945913314819336
2009-06-19,17.978116989135742
2009-06-22,16.46450424194336
2009-06-23,17.036142349243164
2009-06-24,17.10054588317871
2009-06-25,17.84123992919922
2009-06-26,17.664121627807617
2009-06-29,18.01836395263672
2009-06-30,17.61581802368164
2009-07-01,17.607765197753906
2009-07-02,16.738250732421875
2009-07-06,16.891223907470703
2009-07-07,16.48061180114746
2009-07-08,16.561124801635742
2009-07-09,17.068342208862305
2009-07-10,16.609426498413086
2009-07-13,17.599708557128906
2009-07-14,18.60610008239746
2009-07-15,20.804048538208008
2009-07-16,21.673566818237305
2009-07-17,21.33542251586914
2009-07-20,21.504499435424805
2009-07-21,21.18246078491211
2009-07-22,21.31127166748047
2009-07-23,22.406227111816406
2009-07-24,24.209671020507812
2009-07-27,24.00840187072754
2009-07-28,23.895675659179688
2009-07-29,23.919828414916992
2009-07-30,24.4834041595459
2009-07-31,24.716886520385742
2009-08-03,25.272418975830078
2009-08-04,25.360986709594727
2009-08-05,25.320714950561523
2009-08-06,25.900402069091797
2009-08-07,27.51312255859375
2009-08-10,27.319612503051758
2009-08-11,26.416471481323242
2009-08-12,27.247032165527344
2009-08-13,28.464637756347656
2009-08-14,28.28723907470703
2009-08-17,27.464750289916992
2009-08-18,28.424325942993164
2009-08-19,27.787302017211914
2009-08-20,28.25499153137207
2009-08-21,29.41614532470703
2009-08-24,29.39194679260254
2009-08-25,29.327449798583984
2009-08-26,29.424217224121094
2009-08-27,29.53711700439453
2009-08-28,29.617733001708984
2009-08-31,30.06930923461914
2009-09-01,28.2630558013916
2009-09-02,27.690528869628906
2009-09-03,28.109844207763672
2009-09-04,28.4081974029541
2009-09-08,28.57753562927246
2009-09-09,30.214448928833008
2009-09-10,30.778894424438477
2009-09-11,30.62567901611328
2009-09-14,30.89986228942871
2009-09-15,30.174129486083984
2009-09-16,31.44819450378418
2009-09-17,30.682146072387695
2009-09-18,30.23863983154297
2009-09-21,29.26295280456543
2009-09-22,30.02092170715332
2009-09-23,29.270999908447266
2009-09-24,28.87588119506836
2009-09-25,28.335628509521484
2009-09-28,29.593564987182617
2009-09-29,28.456581115722656
2009-09-30,28.811386108398438
2009-10-01,27.126081466674805
2009-10-02,26.763214111328125
2009-10-05,28.972644805908203
2009-10-06,28.99684715270996
2009-10-07,29.78706932067871
2009-10-08,30.214448928833008
2009-10-09,30.32734489440918
2009-10-12,30.89179039001465
2009-10-13,30.79503059387207
2009-10-14,31.730419158935547
2009-10-15,30.738576889038086
2009-10-16,29.31131935119629
2009-10-19,30.06124496459961
2009-10-20,29.754817962646484
2009-10-21,29.53711700439453
2009-10-22,30.907926559448242
2009-10-23,33.020599365234375
2009-10-26,31.83524513244629
2009-10-27,31.98038101196289
2009-10-28,30.149938583374023
2009-10-29,31.44819450378418
2009-10-30,29.512903213500977
2009-11-02,30.859539031982422
2009-11-03,30.182199478149414
2009-11-04,29.988664627075195
2009-11-05,31.012767791748047
2009-11-06,30.415252685546875
2009-11-09,32.1189079284668
2009-11-10,32.04623794555664
2009-11-11,32.00587463378906
2009-11-12,30.98045539855957
2009-11-13,31.3276424407959
2009-11-16,32.20771789550781
2009-11-17,32.70023727416992
2009-11-18,32.65986633300781
2009-11-19,30.95622444152832
2009-11-20,30.43947982788086
2009-11-23,30.697864532470703
2009-11-24,30.722082138061523
2009-11-25,31.29534339904785
2009-11-27,30.068078994750977
2009-11-30,30.97237777709961
2009-12-01,30.754384994506836
2009-12-02,30.96428871154785
2009-12-03,29.809703826904297
2009-12-04,30.617107391357422
2009-12-07,30.253774642944336
2009-12-08,30.35875129699707
2009-12-09,31.17423439025879
2009-12-10,31.263044357299805
2009-12-11,32.6195068359375
2009-12-14,33.144317626953125
2009-12-15,32.36920928955078
2009-12-16,32.458011627197266
2009-12-17,31.12578773498535
2009-12-18,31.89282989501953
2009-12-21,31.61830711364746
2009-12-22,31.141929626464844
2009-12-23,30.867420196533203
2009-12-24,31.40030288696289
2009-12-28,31.117704391479492
2009-12-29,31.09348487854004
2009-12-30,30.883567810058594
2009-12-31,30.95622444152832
2010-01-04,31.52948760986328
2010-01-05,32.77291488647461
2010-01-06,32.950538635253906
2010-01-07,34.581512451171875
2010-01-08,34.282779693603516
2010-01-11,33.66914367675781
2010-01-12,33.79832458496094
2010-01-13,34.00825881958008
2010-01-14,33.644920349121094
2010-01-15,33.20890808105469
2010-01-19,34.72684097290039
2010-01-20,34.734928131103516
2010-01-21,34.47654724121094
2010-01-22,30.302228927612305
2010-01-25,29.15569496154785
2010-01-26,28.42902183532715
2010-01-27,29.510950088500977
2010-01-28,29.664382934570312
2010-01-29,29.76126480102539
2010-02-01,29.696664810180664
2010-02-02,30.221481323242188
2010-02-03,29.510950088500977
2010-02-04,28.219104766845703
2010-02-05,28.55013656616211
2010-02-08,27.96073341369629
2010-02-09,28.525909423828125
2010-02-10,28.75231170654297
2010-02-11,28.816993713378906
2010-02-12,28.4127254486084
2010-02-16,29.706424713134766
2010-02-17,29.795347213745117
2010-02-18,30.18346405029297
2010-02-19,30.555395126342773
2010-02-22,30.951581954956055
2010-02-23,29.940885543823242
2010-02-24,30.43410873413086
2010-02-25,30.215801239013672
2010-02-26,30.52305793762207
2010-03-01,30.223886489868164
2010-03-02,30.709022521972656
2010-03-03,30.531147003173828
2010-03-04,29.787261962890625
2010-03-05,30.67669105529785
2010-03-08,30.60390853881836
2010-03-09,31.258848190307617
2010-03-10,31.606521606445312
2010-03-11,32.18867111206055
2010-03-12,32.25336837768555
2010-03-15,32.32612991333008
2010-03-16,32.65764617919922
2010-03-17,32.54444885253906
2010-03-18,33.021484375
2010-03-19,32.156333923339844
2010-03-22,32.83552551269531
2010-03-23,33.07809829711914
2010-03-24,33.3610954284668
2010-03-25,33.99984359741211
2010-03-26,33.894737243652344
2010-03-29,34.484981536865234
2010-03-30,33.894737243652344
2010-03-31,33.48237609863281
2010-04-01,33.61174392700195
2010-04-05,34.88926696777344
2010-04-06,34.978206634521484
2010-04-07,34.88926696777344
2010-04-08,35.568458557128906
2010-04-09,35.46333312988281
2010-04-12,36.5306396484375
2010-04-13,36.34465789794922
2010-04-14,37.24217224121094
2010-04-15,36.506378173828125
2010-04-16,35.16416931152344
2010-04-19,35.422916412353516
2010-04-20,36.04549789428711
2010-04-21,36.17487716674805
2010-04-22,36.8298225402832
2010-04-23,37.783905029296875
2010-04-26,36.57915115356445
2010-04-27,35.00246047973633
2010-04-28,35.47142791748047
2010-04-29,36.27998733520508
2010-04-30,35.0994873046875
2010-05-03,37.29875564575195
2010-05-04,36.29615783691406
2010-05-05,35.77060317993164
2010-05-06,34.86500930786133
2010-05-07,34.112178802490234
2010-05-10,35.77973937988281
2010-05-11,36.24924850463867
2010-05-12,37.73063278198242
2010-05-13,36.3544921875
2010-05-14,34.61406326293945
2010-05-17,34.49263381958008
2010-05-18,33.65076446533203
2010-05-19,34.30646896362305
2010-05-20,33.45648956298828
2010-05-21,33.84504699707031
2010-05-24,33.12459182739258
2010-05-25,32.906036376953125
2010-05-26,32.63081359863281
2010-05-27,34.16884994506836
2010-05-28,33.432193756103516
2010-06-01,32.76839828491211
2010-06-02,33.79647445678711
2010-06-03,33.343135833740234
2010-06-04,31.82131004333496
2010-06-07,31.165607452392578
2010-06-08,31.578466415405273
2010-06-09,30.777053833007812
2010-06-10,32.4365234375
2010-06-11,32.590328216552734
2010-06-14,32.75222396850586
2010-06-15,34.427879333496094
2010-06-16,34.40360641479492
2010-06-17,34.2983512878418
2010-06-18,34.516929626464844
2010-06-21,35.07548904418945
2010-06-22,35.334510803222656
2010-06-23,35.00261688232422
2010-06-24,34.622154235839844
2010-06-25,35.164527893066406
2010-06-28,34.751670837402344
2010-06-29,33.043636322021484
2010-06-30,32.622703552246094
2010-07-01,32.03985595703125
2010-07-02,31.91844367980957
2010-07-06,32.031776428222656
2010-07-07,34.07169723510742
2010-07-08,34.63026428222656
2010-07-09,35.35881042480469
2010-07-12,35.35881042480469
2010-07-13,36.427345275878906
2010-07-14,36.046871185302734
2010-07-15,35.01881408691406
2010-07-16,33.56172180175781
2010-07-19,33.181243896484375
2010-07-20,33.56172180175781
2010-07-21,32.45270538330078
2010-07-22,34.06360626220703
2010-07-23,33.059818267822266
2010-07-26,33.55362319946289
2010-07-27,33.63457489013672
2010-07-28,33.812652587890625
2010-07-29,34.33883285522461
2010-07-30,34.26597595214844
2010-08-02,34.63026428222656
2010-08-03,33.942176818847656
2010-08-04,33.707420349121094
2010-08-05,33.32697677612305
2010-08-06,33.12459182739258
2010-08-09,33.44878387451172
2010-08-10,33.61899185180664
2010-08-11,32.30600357055664
2010-08-12,31.29288673400879
2010-08-13,31.463104248046875
2010-08-16,31.552255630493164
2010-08-17,31.70624351501465
2010-08-18,31.657609939575195
2010-08-19,30.48240089416504
2010-08-20,30.620189666748047
2010-08-23,30.701236724853516
2010-08-24,30.25547218322754
2010-08-25,30.085256576538086
2010-08-26,30.158212661743164
2010-08-27,30.96868324279785
2010-08-30,30.506717681884766
2010-08-31,30.693134307861328
2010-09-01,31.6332950592041
2010-09-02,32.03044509887695
2010-09-03,32.978694915771484
2010-09-07,31.48740005493164
2010-09-08,31.67382049560547
2010-09-09,31.933170318603516
2010-09-10,31.519838333129883
2010-09-13,31.97370147705078
2010-09-14,31.28479766845703
2010-09-15,31.681913375854492
2010-09-16,32.0223274230957
2010-09-17,31.341514587402344
2010-09-20,31.87644386291504
2010-09-21,31.06595802307129
2010-09-22,30.70933723449707
2010-09-23,30.531021118164062
2010-09-24,31.89264488220215
2010-09-27,31.422565460205078
2010-09-28,31.730566024780273
2010-09-29,31.552255630493164
2010-09-30,32.054752349853516
2010-10-01,31.852127075195312
2010-10-04,31.260465621948242
2010-10-05,32.73555374145508
2010-10-06,32.549137115478516
2010-10-07,31.827816009521484
2010-10-08,31.900741577148438
2010-10-11,32.16010284423828
2010-10-12,32.88144302368164
2010-10-13,32.76798629760742
2010-10-14,32.33030700683594
2010-10-15,29.874544143676758
2010-10-18,30.174421310424805
2010-10-19,31.41444206237793
2010-10-20,31.406362533569336
2010-10-21,31.852127075195312
2010-10-22,31.70624351501465
2010-10-25,30.99301528930664
2010-10-26,30.612085342407227
2010-10-27,30.725557327270508
2010-10-28,30.733652114868164
2010-10-29,30.20684814453125
2010-11-01,30.239246368408203
2010-11-02,30.287885665893555
2010-11-03,30.60398292541504
2010-11-04,31.852127075195312
2010-11-05,32.71125030517578
2010-11-08,32.48432540893555
2010-11-09,31.429353713989258
2010-11-10,32.184051513671875
2010-11-11,32.06233596801758
2010-11-12,31.867568969726562
2010-11-15,32.208396911621094
2010-11-16,31.502408981323242
2010-11-17,31.056060791015625
2010-11-18,30.88567352294922
2010-11-19,30.690902709960938
2010-11-22,30.12283706665039
2010-11-23,29.660287857055664
2010-11-24,30.593515396118164
2010-11-26,30.025461196899414
2010-11-29,30.61786460876465
2010-11-30,30.21211051940918
2010-12-01,30.942455291748047
2010-12-02,31.607891082763672
2010-12-03,31.453685760498047
2010-12-06,31.258953094482422
2010-12-07,31.299510955810547
2010-12-08,32.890052795410156
2010-12-09,33.490570068359375
2010-12-10,34.25337600708008
2010-12-13,34.26148223876953
2010-12-14,34.16411209106445
2010-12-15,33.693443298339844
2010-12-16,33.190311431884766
2010-12-17,32.85758972167969
2010-12-20,33.312042236328125
2010-12-21,34.229042053222656
2010-12-22,34.52117156982422
2010-12-23,34.37507629394531
2010-12-27,34.56175231933594
2010-12-28,34.7159309387207
2010-12-29,34.56984329223633
2010-12-30,34.46436309814453
2010-12-31,34.53740692138672
2011-01-03,35.454383850097656
2011-01-04,35.446292877197266
2011-01-05,36.9394416809082
2011-01-06,36.842071533203125
2011-01-07,36.85017776489258
2011-01-10,36.98001480102539
2011-01-11,37.49126434326172
2011-01-12,38.27840805053711
2011-01-13,37.888893127441406
2011-01-14,39.26033401489258
2011-01-18,38.96007537841797
2011-01-19,38.4001350402832
2011-01-20,38.34333419799805
2011-01-21,39.90140914916992
2011-01-24,39.33335494995117
2011-01-25,39.122371673583984
2011-01-26,39.179176330566406
2011-01-27,39.27655029296875
2011-01-28,39.14672088623047
2011-01-31,39.08180236816406
2011-02-01,40.461334228515625
2011-02-02,40.13674545288086
2011-02-03,39.80403137207031
2011-02-04,39.568695068359375
2011-02-07,40.19355010986328
2011-02-08,41.85713195800781
2011-02-09,41.45097732543945
2011-02-10,41.995201110839844
2011-02-11,42.287635803222656
2011-02-14,42.85622787475586
2011-02-15,42.328243255615234
2011-02-16,42.328243255615234
2011-02-17,42.3444938659668
2011-02-18,42.799381256103516
2011-02-22,41.20729064941406
2011-02-23,40.8905029296875
2011-02-24,41.12604904174805
2011-02-25,40.606197357177734
2011-02-28,40.427490234375
2011-03-01,39.20094299316406
2011-03-02,38.916648864746094
2011-03-03,39.777671813964844
2011-03-04,39.420257568359375
2011-03-07,39.23344039916992
2011-03-08,40.02946853637695
2011-03-09,40.070106506347656
2011-03-10,39.20906066894531
2011-03-11,40.265037536621094
2011-03-14,40.175689697265625
2011-03-15,41.507835388183594
2011-03-16,40.776771545410156
2011-03-17,41.24790573120117
2011-03-18,41.46722412109375
2011-03-21,41.621551513671875
2011-03-22,41.0692024230957
2011-03-23,41.759647369384766
2011-03-24,42.12518310546875
2011-03-25,42.425716400146484
2011-03-28,41.89772415161133
2011-03-29,42.24701690673828
2011-03-30,42.328243255615234
2011-03-31,42.20640182495117
2011-04-01,42.3120002746582
2011-04-04,42.09268569946289
2011-04-05,41.97085189819336
2011-04-06,42.360740661621094
2011-04-07,42.198280334472656
2011-04-08,41.9546012878418
2011-04-11,41.8327522277832
2011-04-12,41.93022918701172
2011-04-13,41.85712432861328
2011-04-14,40.8173942565918
2011-04-15,40.6386833190918
2011-04-18,40.1594352722168
2011-04-19,40.79302978515625
2011-04-20,41.04484176635742
2011-04-21,43.26237487792969
2011-04-25,44.22900390625
2011-04-26,44.358970642089844
2011-04-27,45.03315734863281
2011-04-28,44.838218688964844
2011-04-29,44.4564323425293
2011-05-02,44.49705505371094
2011-05-03,43.89596176147461
2011-05-04,43.18926239013672
2011-05-05,43.16490173339844
2011-05-06,43.69288635253906
2011-05-09,43.35173034667969
2011-05-10,43.82286834716797
2011-05-11,43.075557708740234
2011-05-12,43.010562896728516
2011-05-13,42.51506805419922
2011-05-16,43.441078186035156
2011-05-17,44.570159912109375
2011-05-18,44.976295471191406
2011-05-19,45.69987869262695
2011-05-20,44.77303695678711
2011-05-23,43.97627639770508
2011-05-24,43.1144905090332
2011-05-25,42.610408782958984
2011-05-26,42.984397888183594
2011-05-27,43.935638427734375
2011-05-31,44.17954635620117
2011-06-01,42.88682556152344
2011-06-02,42.699832916259766
2011-06-03,41.911216735839844
2011-06-06,41.24453353881836
2011-06-07,40.781105041503906
2011-06-08,40.4071159362793
2011-06-09,40.772979736328125
2011-06-10,40.27705383300781
2011-06-13,40.699798583984375
2011-06-14,39.37459945678711
2011-06-15,38.91929626464844
2011-06-16,39.83800506591797
2011-06-17,39.70793914794922
2011-06-20,40.317691802978516
2011-06-21,41.18761444091797
2011-06-22,40.94371795654297
2011-06-23,40.94371795654297
2011-06-24,40.25265121459961
2011-06-27,41.268917083740234
2011-06-28,41.80552291870117
2011-06-29,42.48845672607422
2011-06-30,42.008785247802734
2011-07-01,42.8055419921875
2011-07-05,43.13887405395508
2011-07-06,43.195777893066406
2011-07-07,44.15514373779297
2011-07-08,43.667335510253906
2011-07-11,42.33399200439453
2011-07-12,42.47218322753906
2011-07-13,41.358360290527344
2011-07-14,39.634761810302734
2011-07-15,39.43150329589844
2011-07-18,39.309532165527344
2011-07-19,39.48028564453125
2011-07-20,39.79735565185547
2011-07-21,40.651031494140625
2011-07-22,40.35833740234375
2011-07-25,39.74044418334961
2011-07-26,39.70793914794922
2011-07-27,38.70790100097656
2011-07-28,38.72416687011719
2011-07-29,38.862388610839844
2011-08-01,38.30952072143555
2011-08-02,36.65097427368164
2011-08-03,37.36643600463867
2011-08-04,35.04119110107422
2011-08-05,34.79728317260742
2011-08-08,30.593952178955078
2011-08-09,33.187503814697266
2011-08-10,33.415428161621094
2011-08-11,35.93074417114258
2011-08-12,35.637691497802734
2011-08-15,36.956398010253906
2011-08-16,36.264495849609375
2011-08-17,36.199378967285156
2011-08-18,34.13176345825195
2011-08-19,33.61893081665039
2011-08-22,33.48054885864258
2011-08-23,34.83995819091797
2011-08-24,35.637691497802734
2011-08-25,35.31209182739258
2011-08-26,36.00401306152344
2011-08-29,36.948265075683594
2011-08-30,36.93198013305664
2011-08-31,37.485504150390625
2011-09-01,36.87501525878906
2011-09-02,34.416664123535156
2011-09-06,33.968955993652344
2011-09-07,35.857479095458984
2011-09-08,35.084171295166016
2011-09-09,34.00965881347656
2011-09-12,34.66088104248047
2011-09-13,34.725982666015625
2011-09-14,35.42605209350586
2011-09-15,35.37720489501953
2011-09-16,34.97834396362305
2011-09-19,34.77484893798828
2011-09-20,34.53062057495117
2011-09-21,33.69218444824219
2011-09-22,33.211910247802734
2011-09-23,33.325889587402344
2011-09-26,34.896942138671875
2011-09-27,34.53876495361328
2011-09-28,33.325889587402344
2011-09-29,33.399147033691406
2011-09-30,32.259525299072266
2011-10-03,30.729167938232422
2011-10-04,31.583879470825195
2011-10-05,32.08856964111328
2011-10-06,33.06540298461914
2011-10-07,32.40605163574219
2011-10-10,34.10732650756836
2011-10-11,34.61203384399414
2011-10-12,35.360923767089844
2011-10-13,34.082923889160156
2011-10-14,34.237571716308594
2011-10-17,32.78864288330078
2011-10-18,33.521244049072266
2011-10-19,32.35719680786133
2011-10-20,32.959571838378906
2011-10-21,35.23881912231445
2011-10-24,36.98896408081055
2011-10-25,35.33650207519531
2011-10-26,36.30518341064453
2011-10-27,38.31581497192383
2011-10-28,38.177433013916016
2011-10-31,37.16804885864258
2011-11-01,35.62955856323242
2011-11-02,36.793601989746094
2011-11-03,38.04718780517578
2011-11-04,37.57505416870117
2011-11-07,37.746002197265625
2011-11-08,38.13671875
2011-11-09,36.14239501953125
2011-11-10,36.21565246582031
2011-11-11,36.647064208984375
2011-11-14,35.662113189697266
2011-11-15,35.55629348754883
2011-11-16,34.2457160949707
2011-11-17,33.58559036254883
2011-11-18,33.9360237121582
2011-11-21,33.398128509521484
2011-11-22,33.22698974609375
2011-11-23,32.477195739746094
2011-11-25,32.61575698852539
2011-11-28,34.11532211303711
2011-11-29,33.84639358520508
2011-11-30,36.397300720214844
2011-12-01,36.47063064575195
2011-12-02,36.951473236083984
2011-12-05,38.141357421875
2011-12-06,37.228572845458984
2011-12-07,37.70126724243164
2011-12-08,36.44620895385742
2011-12-09,37.54641342163086
2011-12-12,36.7966423034668
2011-12-13,36.348388671875
2011-12-14,36.12833786010742
2011-12-15,35.08515930175781
2011-12-16,35.36225509643555
2011-12-19,33.8708381652832
2011-12-20,34.02567672729492
2011-12-21,34.18051528930664
2011-12-22,34.75101852416992
2011-12-23,35.125911712646484
2011-12-27,34.62877655029297
2011-12-28,34.0012321472168
2011-12-29,34.75101852416992
2011-12-30,34.46577453613281
2012-01-03,35.655635833740234
2012-01-04,36.26688766479492
2012-01-05,36.82108688354492
2012-01-06,36.80479049682617
2012-01-09,37.693119049072266
2012-01-10,38.85853958129883
2012-01-11,38.882999420166016
2012-01-12,39.44533920288086
2012-01-13,39.84468078613281
2012-01-17,39.771331787109375
2012-01-18,40.032127380371094
2012-01-19,39.74687957763672
2012-01-20,37.513816833496094
2012-01-23,37.56272888183594
2012-01-24,36.70699691772461
2012-01-25,37.17152404785156
2012-01-26,37.17152404785156
2012-01-27,37.530113220214844
2012-01-30,36.51139450073242
2012-01-31,37.285621643066406
2012-02-01,38.01912307739258
2012-02-02,38.29620361328125
2012-02-03,40.1788215637207
2012-02-06,39.037837982177734
2012-02-07,38.54070281982422
2012-02-08,39.47077178955078
2012-02-09,40.05817794799805
2012-02-10,39.389183044433594
2012-02-13,39.5605354309082
2012-02-14,39.144439697265625
2012-02-15,40.12345886230469
2012-02-16,40.213191986083984
2012-02-17,39.83790588378906
2012-02-21,39.699195861816406
2012-02-22,39.36471176147461
2012-02-23,40.22134780883789
2012-02-24,40.213191986083984
2012-02-27,40.5803337097168
2012-02-28,41.09429931640625
2012-02-29,41.281959533691406
2012-03-01,40.98825454711914
2012-03-02,40.70270919799805
2012-03-05,40.28662109375
2012-03-06,39.38103103637695
2012-03-07,39.6421012878418
2012-03-08,40.327415466308594
2012-03-09,40.645591735839844
2012-03-12,39.96028137207031
2012-03-13,41.56748962402344
2012-03-14,42.69337844848633
2012-03-15,43.75397491455078
2012-03-16,44.46376419067383
2012-03-19,44.95327377319336
2012-03-20,44.977745056152344
2012-03-21,45.18171310424805
2012-03-22,44.39849853515625
2012-03-23,45.47541427612305
2012-03-26,46.62576675415039
2012-03-27,46.40549087524414
2012-03-28,46.487064361572266
2012-03-29,46.03835678100586
2012-03-30,45.47541427612305
2012-04-02,45.981239318847656
2012-04-03,45.964935302734375
2012-04-04,45.189876556396484
2012-04-05,45.40199661254883
2012-04-09,44.251644134521484
2012-04-10,42.98707962036133
2012-04-11,43.83555221557617
2012-04-12,44.58614730834961
2012-04-13,43.62343978881836
2012-04-16,43.46843719482422
2012-04-17,44.07215881347656
2012-04-18,44.2679557800293
2012-04-19,43.99873352050781
2012-04-20,43.93345642089844
2012-04-23,44.12111282348633
2012-04-24,44.349552154541016
2012-04-25,44.80641174316406
2012-04-26,44.74115753173828
2012-04-27,45.73649215698242
2012-04-30,45.2632942199707
2012-05-01,45.70384979248047
2012-05-02,45.7528076171875
2012-05-03,45.32855987548828
2012-05-04,44.480079650878906
2012-05-07,44.58614730834961
2012-05-08,44.112945556640625
2012-05-09,43.67238998413086
2012-05-10,44.30876159667969
2012-05-11,44.35771560668945
2012-05-14,42.67705535888672
2012-05-15,41.83673858642578
2012-05-16,41.07725143432617
2012-05-17,40.66893005371094
2012-05-18,40.12177658081055
2012-05-21,40.734256744384766
2012-05-22,41.069095611572266
2012-05-23,41.109928131103516
2012-05-24,42.23688888549805
2012-05-25,41.75507736206055
2012-05-29,42.36754608154297
2012-05-30,41.632572174072266
2012-05-31,41.951053619384766
2012-06-01,39.525630950927734
2012-06-04,39.7542839050293
2012-06-05,41.052757263183594
2012-06-06,41.3304328918457
2012-06-07,41.7877197265625
2012-06-08,42.94737243652344
2012-06-11,42.28589630126953
2012-06-12,43.347530364990234
2012-06-13,42.5227165222168
2012-06-14,43.29037094116211
2012-06-15,43.94368362426758
2012-06-18,44.18867874145508
2012-06-19,44.95632553100586
2012-06-20,44.44999313354492
2012-06-21,43.30669403076172
2012-06-22,43.22502899169922
2012-06-25,42.620704650878906
2012-06-26,43.39652633666992
2012-06-27,43.421024322509766
2012-06-28,43.65784454345703
2012-06-29,44.637821197509766
2012-07-02,44.71132278442383
2012-07-03,44.99715042114258
2012-07-05,44.53165817260742
2012-07-06,44.11517333984375
2012-07-09,44.28667449951172
2012-07-10,43.73134231567383
2012-07-11,44.131500244140625
2012-07-12,43.57618713378906
2012-07-13,44.44183349609375
2012-07-16,44.988990783691406
2012-07-17,45.59331130981445
2012-07-18,44.825653076171875
2012-07-19,46.03428268432617
2012-07-20,45.634132385253906
2012-07-23,45.16046905517578
2012-07-24,44.915489196777344
2012-07-25,44.80931854248047
2012-07-26,46.02611541748047
2012-07-27,47.03875732421875
2012-07-30,46.46711730957031
2012-07-31,46.132286071777344
2012-08-01,45.438133239746094
2012-08-02,45.05431365966797
2012-08-03,47.02243423461914
2012-08-06,46.295616149902344
2012-08-07,46.2057991027832
2012-08-08,46.23031234741211
2012-08-09,46.222129821777344
2012-08-10,45.85432434082031
2012-08-13,45.437461853027344
2012-08-14,45.06147003173828
2012-08-15,44.987911224365234
2012-08-16,45.9605712890625
2012-08-17,46.41829299926758
2012-08-20,46.173099517822266
2012-08-21,46.15673828125
2012-08-22,45.67448806762695
2012-08-23,45.47016143798828
2012-08-24,46.483680725097656
2012-08-27,46.45100784301758
2012-08-28,46.32020950317383
2012-08-29,46.15673828125
2012-08-30,45.78892517089844
2012-08-31,46.20578384399414
2012-09-04,46.173099517822266
2012-09-05,45.911529541015625
2012-09-06,46.720726013183594
2012-09-07,46.9250602722168
2012-09-10,46.62264633178711
2012-09-11,46.15673828125
2012-09-12,47.34192657470703
2012-09-13,48.20833206176758
2012-09-14,48.52711486816406
2012-09-17,48.028526306152344
2012-09-18,47.30923843383789
2012-09-19,47.38278579711914
2012-09-20,47.44818878173828
2012-09-21,46.802452087402344
2012-09-24,46.87602615356445
2012-09-25,45.690826416015625
2012-09-26,45.1840705871582
2012-09-27,46.5572509765625
2012-09-28,46.598121643066406
2012-10-01,47.456356048583984
2012-10-02,47.66069412231445
2012-10-03,47.92224884033203
2012-10-04,48.657894134521484
2012-10-05,48.22467803955078
2012-10-08,48.26554489135742
2012-10-09,47.94677734375
2012-10-10,47.595298767089844
2012-10-11,48.134769439697266
2012-10-12,47.578956604003906
2012-10-15,47.08036422729492
2012-10-16,47.41547393798828
2012-10-17,47.43182373046875
2012-10-18,46.83515930175781
2012-10-19,49.655067443847656
2012-10-22,49.04204177856445
2012-10-23,49.058387756347656
2012-10-24,48.77232360839844
2012-10-25,49.01753234863281
2012-10-26,49.04204177856445
2012-10-31,49.18100357055664
2012-11-01,50.18637466430664
2012-11-02,50.18637466430664
2012-11-05,49.59784698486328
2012-11-06,49.9166374206543
2012-11-07,48.607765197753906
2012-11-08,47.68339157104492
2012-11-09,47.748836517333984
2012-11-12,47.298912048339844
2012-11-13,46.8817138671875
2012-11-14,45.92461013793945
2012-11-15,44.80389404296875
2012-11-16,45.5646858215332
2012-11-19,47.5606689453125
2012-11-20,47.83882141113281
2012-11-21,47.69974899291992
2012-11-23,48.239662170410156
2012-11-26,47.994239807128906
2012-11-27,47.12713623046875
2012-11-28,47.511592864990234
2012-11-29,47.658843994140625
2012-11-30,47.11894607543945
2012-12-03,46.89807891845703
2012-12-04,46.64448547363281
2012-12-05,46.66900634765625
2012-12-06,46.8489990234375
2012-12-07,46.68537139892578
2012-12-10,47.03713607788086
2012-12-11,47.658843994140625
2012-12-12,47.789730072021484
2012-12-13,47.446136474609375
2012-12-14,46.48905563354492
2012-12-17,47.45432662963867
2012-12-18,48.96770095825195
2012-12-19,48.0351448059082
2012-12-20,48.38690185546875
2012-12-21,48.17421340942383
2012-12-24,47.896080017089844
2012-12-26,47.27436828613281
2012-12-27,46.914432525634766
2012-12-28,46.70991897583008
2012-12-31,47.38888931274414
2013-01-02,50.088417053222656
2013-01-03,49.53215408325195
2013-01-04,50.685577392578125
2013-01-07,51.43817901611328
2013-01-08,50.84918975830078
2013-01-09,50.97189712524414
2013-01-10,51.429988861083984
2013-01-11,50.710113525390625
2013-01-14,50.12931823730469
2013-01-15,50.47289276123047
2013-01-16,50.513797760009766
2013-01-17,50.38291931152344
2013-01-18,46.61994171142578
2013-01-22,45.94096755981445
2013-01-23,46.006412506103516
2013-01-24,46.51359939575195
2013-01-25,46.07185745239258
2013-01-28,45.81007766723633
2013-01-29,45.499237060546875
2013-01-30,46.268192291259766
2013-01-31,46.07185745239258
2013-02-01,46.2191047668457
2013-02-04,46.12911605834961
2013-02-05,46.73446273803711
2013-02-06,47.01259231567383
2013-02-07,46.824275970458984
2013-02-08,46.88978576660156
2013-02-11,46.30028533935547
2013-02-12,45.66984939575195
2013-02-13,45.08853530883789
2013-02-14,45.5142936706543
2013-02-15,44.237037658691406
2013-02-19,43.491981506347656
2013-02-20,42.79603958129883
2013-02-21,42.746910095214844
2013-02-22,42.804237365722656
2013-02-25,41.59248733520508
2013-02-26,42.14103317260742
2013-02-27,42.23928451538086
2013-02-28,41.780799865722656
2013-03-01,42.468536376953125
2013-03-04,43.491981506347656
2013-03-05,44.17152786254883
2013-03-06,44.46629333496094
2013-03-07,44.55633544921875
2013-03-08,44.376224517822266
2013-03-11,45.01483917236328
2013-03-12,44.703731536865234
2013-03-13,44.728294372558594
2013-03-14,44.630027770996094
2013-03-15,45.186771392822266
2013-03-18,44.75285720825195
2013-03-19,43.917720794677734
2013-03-20,44.13877868652344
2013-03-21,43.97502517700195
2013-03-22,44.29435348510742
2013-03-25,44.69553756713867
2013-03-26,45.08034896850586
2013-03-27,44.88383483886719
2013-03-28,44.990272521972656
2013-04-01,43.95047378540039
2013-04-02,44.728294372558594
2013-04-03,44.34347915649414
2013-04-04,45.08853530883789
2013-04-05,44.79377746582031
2013-04-08,45.36689376831055
2013-04-09,45.694419860839844
2013-04-10,45.65348434448242
2013-04-11,44.88383483886719
2013-04-12,44.75285720825195
2013-04-15,43.47559356689453
2013-04-16,43.66389846801758
2013-04-17,43.19722366333008
2013-04-18,43.22179412841797
2013-04-19,45.98916244506836
2013-04-22,45.32597732543945
2013-04-23,46.12834930419922
2013-04-24,46.71786117553711
2013-04-25,46.69327163696289
2013-04-26,46.79153823852539
2013-04-29,47.08628463745117
2013-04-30,47.307350158691406
2013-05-01,46.95528030395508
2013-05-02,47.63483810424805
2013-05-03,47.913211822509766
2013-05-06,48.34715270996094
2013-05-07,48.371726989746094
2013-05-08,48.99398422241211
2013-05-09,48.67305374145508
2013-05-10,48.96928024291992
2013-05-13,48.39327621459961
2013-05-14,49.043331146240234
2013-05-15,49.4630126953125
2013-05-16,48.67305374145508
2013-05-17,50.055477142333984
2013-05-20,50.86188507080078
2013-05-21,51.1087646484375
2013-05-22,50.63971710205078
2013-05-23,50.39285659790039
2013-05-24,50.30234146118164
2013-05-28,50.86188507080078
2013-05-29,50.689090728759766
2013-05-30,51.3720817565918
2013-05-31,50.13777160644531
2013-06-03,50.94417190551758
2013-06-04,50.4093132019043
2013-06-05,49.52882766723633
2013-06-06,50.006107330322266
2013-06-07,51.2898063659668
2013-06-10,51.46259689331055
2013-06-11,50.573890686035156
2013-06-12,50.508060455322266
2013-06-13,51.30624008178711
2013-06-14,50.20360565185547
2013-06-17,51.018245697021484
2013-06-18,51.10053634643555
2013-06-19,50.86188507080078
2013-06-20,50.7055549621582
2013-06-21,50.491607666015625
2013-06-24,49.34782028198242
2013-06-25,50.28589630126953
2013-06-26,50.66440963745117
2013-06-27,51.58604431152344
2013-06-28,51.68476486206055
2013-07-01,52.32660675048828
2013-07-02,52.86147689819336
2013-07-03,52.5981559753418
2013-07-05,54.02996826171875
2013-07-08,53.931209564208984
2013-07-09,53.922996520996094
2013-07-10,53.412811279296875
2013-07-11,54.153385162353516
2013-07-12,54.97627639770508
2013-07-15,55.00919723510742
2013-07-16,54.869285583496094
2013-07-17,55.050331115722656
2013-07-18,55.173770904541016
2013-07-19,56.8935661315918
2013-07-22,56.934715270996094
2013-07-23,56.78659439086914
2013-07-24,56.547969818115234
2013-07-25,56.547969818115234
2013-07-26,56.58087158203125
2013-07-29,56.32579040527344
2013-07-30,56.91825866699219
2013-07-31,56.7948112487793
2013-08-01,57.60476303100586
2013-08-02,57.51383972167969
2013-08-05,57.43947219848633
2013-08-06,57.265907287597656
2013-08-07,56.141910552978516
2013-08-08,56.546878814697266
2013-08-09,56.38987350463867
2013-08-12,56.546878814697266
2013-08-13,56.66258239746094
2013-08-14,56.49729919433594
2013-08-15,55.38154983520508
2013-08-16,55.505550384521484
2013-08-19,54.472450256347656
2013-08-20,55.03443908691406
2013-08-21,54.6790657043457
2013-08-22,55.108829498291016
2013-08-23,55.10056686401367
2013-08-26,54.54684066772461
2013-08-27,53.15009689331055
2013-08-28,52.92695617675781
2013-08-29,53.20794677734375
2013-08-30,53.34846115112305
2013-09-03,53.22449493408203
2013-09-04,53.74516296386719
2013-09-05,54.19972229003906
2013-09-06,54.0344123840332
2013-09-09,54.92700958251953
2013-09-10,56.07578659057617
2013-09-11,55.88569259643555
2013-09-12,56.158447265625
2013-09-13,55.77827072143555
2013-09-16,55.910484313964844
2013-09-17,57.12541198730469
2013-09-18,57.25764083862305
2013-09-19,57.05929183959961
2013-09-20,57.108890533447266
2013-09-23,56.57167053222656
2013-09-24,56.6047248840332
2013-09-25,57.18327331542969
2013-09-26,57.12541198730469
2013-09-27,56.96011734008789
2013-09-30,56.81135559082031
2013-10-01,57.679134368896484
2013-10-02,57.48079299926758
2013-10-03,56.84440612792969
2013-10-04,58.11716842651367
2013-10-07,56.92705535888672
2013-10-08,56.05925369262695
2013-10-09,56.282405853271484
2013-10-10,58.48084259033203
2013-10-11,59.43124008178711
2013-10-14,59.5882682800293
2013-10-15,59.16679382324219
2013-10-16,59.712249755859375
2013-10-17,59.62959289550781
2013-10-18,59.175045013427734
2013-10-21,58.902320861816406
2013-10-22,58.67916488647461
2013-10-23,58.29899978637695
2013-10-24,58.38992691040039
2013-10-25,58.16675567626953
2013-10-28,58.48906707763672
2013-10-29,58.62131881713867
2013-10-30,57.68742370605469
2013-10-31,56.75349044799805
2013-11-01,57.34856414794922
2013-11-04,57.53038024902344
2013-11-05,57.819637298583984
2013-11-06,57.51253128051758
2013-11-07,57.14731216430664
2013-11-08,57.761531829833984
2013-11-11,57.836238861083984
2013-11-12,57.69512939453125
2013-11-13,58.151649475097656
2013-11-14,58.6745719909668
2013-11-15,58.408966064453125
2013-11-18,57.620418548583984
2013-11-19,57.47932434082031
2013-11-20,57.10581970214844
2013-11-21,57.79475021362305
2013-11-22,57.778141021728516
2013-11-25,58.442169189453125
2013-11-26,58.77415466308594
2013-11-27,59.355186462402344
2013-11-29,59.454795837402344
2013-12-02,59.84489440917969
2013-12-03,59.454795837402344
2013-12-04,60.05239486694336
2013-12-05,59.71211242675781
2013-12-06,60.25993347167969
2013-12-09,60.59192657470703
2013-12-10,60.44251251220703
2013-12-11,59.64570236206055
2013-12-12,59.330284118652344
2013-12-13,59.32197952270508
2013-12-16,59.91132354736328
2013-12-17,59.58760452270508
2013-12-18,60.96541976928711
2013-12-19,61.123138427734375
2013-12-20,62.027870178222656
2013-12-23,62.26027297973633
2013-12-24,62.56740951538086
2013-12-26,62.982421875
2013-12-27,62.899375915527344
2013-12-30,62.932613372802734
2013-12-31,63.588321685791016
2014-01-02,64.11953735351562
2014-01-03,64.1942367553711
2014-01-06,63.571746826171875
2014-01-07,64.14444732666016
2014-01-08,64.61756896972656
2014-01-09,64.61756896972656
2014-01-10,64.75865936279297
2014-01-13,63.389129638671875
2014-01-14,64.21083068847656
2014-01-15,63.93693542480469
2014-01-16,63.44721603393555
2014-01-17,60.08562088012695
2014-01-21,60.26821517944336
2014-01-22,60.30141830444336
2014-01-23,59.38010025024414
2014-01-24,58.57496643066406
2014-01-27,58.06034851074219
2014-01-28,58.82398986816406
2014-01-29,57.993953704833984
2014-01-30,58.89866256713867
2014-01-31,58.6081657409668
2014-02-03,57.163936614990234
2014-02-04,57.03940963745117
2014-02-05,56.989620208740234
2014-02-06,58.290130615234375
2014-02-07,59.523983001708984
2014-02-10,59.49897003173828
2014-02-11,59.407257080078125
2014-02-12,59.7407112121582
2014-02-13,60.33262634277344
2014-02-14,60.35763931274414
2014-02-18,60.374305725097656
2014-02-19,59.14883041381836
2014-02-20,59.057106018066406
2014-02-21,59.165496826171875
2014-02-24,59.799068450927734
2014-02-25,59.223846435546875
2014-02-26,59.46562576293945
2014-02-27,60.541053771972656
2014-02-28,61.2163200378418
2014-03-03,60.22422790527344
2014-03-04,61.416404724121094
2014-03-05,61.991641998291016
2014-03-06,62.5501823425293
2014-03-07,62.533512115478516
2014-03-10,62.650245666503906
2014-03-11,61.991641998291016
2014-03-12,61.84990692138672
2014-03-13,60.63274002075195
2014-03-14,60.18255615234375
2014-03-17,61.5497932434082
2014-03-18,61.316375732421875
2014-03-19,60.94955062866211
2014-03-20,61.92494201660156
2014-03-21,62.858646392822266
2014-03-24,62.6919059753418
2014-03-25,62.79193878173828
2014-03-26,62.49182891845703
2014-03-27,63.2587890625
2014-03-28,63.433876037597656
2014-03-31,64.3259048461914
2014-04-01,64.00910949707031
2014-04-02,64.31756591796875
2014-04-03,64.58432006835938
2014-04-04,63.94239807128906
2014-04-07,62.983707427978516
2014-04-08,63.092071533203125
2014-04-09,63.642311096191406
2014-04-10,61.749855041503906
2014-04-11,61.72486114501953
2014-04-14,61.74152755737305
2014-04-15,62.125022888183594
2014-04-16,62.6585807800293
2014-04-17,62.433475494384766
2014-04-21,62.56686782836914
2014-04-22,62.61688232421875
2014-04-23,62.45848083496094
2014-04-24,62.308441162109375
2014-04-25,61.14128875732422
2014-04-28,60.8161506652832
2014-04-29,61.28300476074219
2014-04-30,61.608154296875
2014-05-01,62.13334655761719
2014-05-02,63.20878219604492
2014-05-05,63.200443267822266
2014-05-06,62.508506774902344
2014-05-07,63.708980560302734
2014-05-08,63.75082778930664
2014-05-09,63.96845626831055
2014-05-12,65.05648040771484
2014-05-13,64.87237548828125
2014-05-14,63.75082778930664
2014-05-15,63.96007537841797
2014-05-16,63.41605758666992
2014-05-19,63.692264556884766
2014-05-20,63.1733512878418
2014-05-21,64.16929626464844
2014-05-22,64.15257263183594
2014-05-23,64.60453796386719
2014-05-27,65.0732192993164
2014-05-28,65.74281311035156
2014-05-29,65.88506317138672
2014-05-30,66.0273208618164
2014-06-02,65.80973815917969
2014-06-03,65.9352798461914
2014-06-04,66.27007293701172
2014-06-05,66.80571746826172
2014-06-06,67.62596893310547
2014-06-09,68.62190246582031
2014-06-10,68.38756561279297
2014-06-11,67.65104675292969
2014-06-12,67.73472595214844
2014-06-13,67.34974670410156
2014-06-16,67.82681274414062
2014-06-17,67.70960998535156
2014-06-18,68.33735656738281
2014-06-19,68.63029479980469
2014-06-20,69.82714080810547
2014-06-23,69.8773422241211
2014-06-24,69.00692749023438
2014-06-25,68.90645599365234
2014-06-26,69.0403823852539
2014-06-27,69.47560119628906
2014-06-30,69.13246154785156
2014-07-01,69.48397827148438
2014-07-02,69.96941375732422
2014-07-03,71.09929656982422
2014-07-07,69.94429779052734
2014-07-08,69.65974426269531
2014-07-09,70.63058471679688
2014-07-10,70.04472351074219
2014-07-11,70.27072143554688
2014-07-14,70.31256103515625
2014-07-15,71.05745697021484
2014-07-16,70.62223052978516
2014-07-17,69.0403823852539
2014-07-18,68.87299346923828
2014-07-21,68.56330108642578
2014-07-22,68.73072052001953
2014-07-23,68.62190246582031
2014-07-24,68.96508026123047
2014-07-25,68.33735656738281
2014-07-28,68.2369155883789
2014-07-29,67.95233917236328
2014-07-30,68.26202392578125
2014-07-31,66.57138061523438
2014-08-01,66.52951049804688
2014-08-04,67.1405029296875
2014-08-05,65.94365692138672
2014-08-06,65.91854858398438
2014-08-07,65.565673828125
2014-08-08,66.27142333984375
2014-08-11,66.12857055664062
2014-08-12,66.65786743164062
2014-08-13,67.11156463623047
2014-08-14,67.03595733642578
2014-08-15,66.62428283691406
2014-08-18,67.56525421142578
2014-08-19,67.61566162109375
2014-08-20,67.9853286743164
2014-08-21,68.63225555419922
2014-08-22,68.30458068847656
2014-08-25,68.94310760498047
2014-08-26,68.72467041015625
2014-08-27,68.8591079711914
2014-08-28,68.5482177734375
2014-08-29,68.94310760498047
2014-09-02,69.3800048828125
2014-09-03,69.33797454833984
2014-09-04,69.31278228759766
2014-09-05,69.47240447998047
2014-09-08,68.95992279052734
2014-09-09,68.48943328857422
2014-09-10,68.24576568603516
2014-09-11,68.24576568603516
2014-09-12,68.00213623046875
2014-09-15,68.47262573242188
2014-09-16,69.0439453125
2014-09-17,69.63202667236328
2014-09-18,70.2957534790039
2014-09-19,70.63182830810547
2014-09-22,69.97648620605469
2014-09-23,68.93470764160156
2014-09-24,69.24556732177734
2014-09-25,68.0609359741211
2014-09-26,68.56503295898438
2014-09-29,68.74986267089844
2014-09-30,68.57347106933594
2014-10-01,67.72486877441406
2014-10-02,68.16175079345703
2014-10-03,69.12791442871094
2014-10-06,69.07752990722656
2014-10-07,67.90130615234375
2014-10-08,69.53121185302734
2014-10-09,68.42219543457031
2014-10-10,67.51483154296875
2014-10-13,66.77552032470703
2014-10-14,67.23759460449219
2014-10-15,66.54866027832031
2014-10-16,65.97736358642578
2014-10-17,64.21302032470703
2014-10-20,64.2718505859375
2014-10-21,66.12019348144531
2014-10-22,65.40605163574219
2014-10-23,65.85972595214844
2014-10-24,66.59908294677734
2014-10-27,66.40583801269531
2014-10-28,67.79206848144531
2014-10-29,68.29618072509766
2014-10-30,68.66585540771484
2014-10-31,69.53962707519531
2014-11-03,69.45560455322266
2014-11-04,69.2875747680664
2014-11-05,68.5566635131836
2014-11-06,69.21436309814453
2014-11-07,69.65288543701172
2014-11-10,70.19257354736328
2014-11-11,69.29869842529297
2014-11-12,68.78430938720703
2014-11-13,68.80960083007812
2014-11-14,68.94453430175781
2014-11-17,68.42171478271484
2014-11-18,68.5481948852539
2014-11-19,68.00008392333984
2014-11-20,68.37952423095703
2014-11-21,68.48072814941406
2014-11-24,69.23125457763672
2014-11-25,69.7034683227539
2014-11-26,69.77935028076172
2014-11-28,70.1588134765625
2014-12-01,69.4083251953125
2014-12-02,69.43362426757812
2014-12-03,69.29869842529297
2014-12-04,69.2228012084961
2014-12-05,69.93956756591797
2014-12-08,70.1588134765625
2014-12-09,70.21783447265625
2014-12-10,69.47579193115234
2014-12-11,69.46733856201172
2014-12-12,67.60374450683594
2014-12-15,67.13154602050781
2014-12-16,65.96784210205078
2014-12-17,67.13154602050781
2014-12-18,69.28182983398438
2014-12-19,69.50951385498047
2014-12-22,69.89739227294922
2014-12-23,70.22626495361328
2014-12-24,70.18412017822266
2014-12-26,70.1672592163086
2014-12-29,70.24314880371094
2014-12-30,70.2515869140625
2014-12-31,69.6107177734375
2015-01-02,69.56011199951172
2015-01-05,67.95793151855469
2015-01-06,66.69303131103516
2015-01-07,67.45197296142578
2015-01-08,68.10968780517578
2015-01-09,66.92915344238281
2015-01-12,66.66775512695312
2015-01-13,66.10274505615234
2015-01-14,64.7198257446289
2015-01-15,64.88848876953125
2015-01-16,64.635498046875
2015-01-20,65.2594985961914
2015-01-21,65.10772705078125
2015-01-22,64.25605010986328
2015-01-23,65.4366226196289
2015-01-26,65.93413543701172
2015-01-27,64.73668670654297
2015-01-28,62.78033447265625
2015-01-29,63.21039581298828
2015-01-30,61.73469161987305
2015-02-02,62.75505065917969
2015-02-03,63.67420959472656
2015-02-04,63.497135162353516
2015-02-05,64.157470703125
2015-02-06,64.52999877929688
2015-02-09,64.95330047607422
2015-02-10,65.24116516113281
2015-02-11,65.46129608154297
2015-02-12,67.12914276123047
2015-02-13,66.78203582763672
2015-02-17,67.73023223876953
2015-02-18,67.1714859008789
2015-02-19,67.23918914794922
2015-02-20,68.06041717529297
2015-02-23,67.78105163574219
2015-02-24,68.15357208251953
2015-02-25,67.44237518310547
2015-02-26,67.0106201171875
2015-02-27,66.63807678222656
2015-03-02,67.0106201171875
2015-03-03,67.00216674804688
2015-03-04,66.58731842041016
2015-03-05,66.79046630859375
2015-03-06,66.8666763305664
2015-03-09,67.59478759765625
2015-03-10,65.79991912841797
2015-03-11,66.2317123413086
2015-03-12,68.9578628540039
2015-03-13,67.73023223876953
2015-03-16,68.97478485107422
2015-03-17,69.00021362304688
2015-03-18,69.10179901123047
2015-03-19,68.2551498413086
2015-03-20,68.68692016601562
2015-03-23,68.78853607177734
2015-03-24,67.84877014160156
2015-03-25,66.74817657470703
2015-03-26,66.46878051757812
2015-03-27,66.58731842041016
2015-03-30,67.05294799804688
2015-03-31,66.7312240600586
2015-04-01,67.62020111083984
2015-04-02,67.99270629882812
2015-04-06,68.00115203857422
2015-04-07,67.45086669921875
2015-04-08,67.89111328125
2015-04-09,68.03504180908203
2015-04-10,68.24668884277344
2015-04-13,68.65304565429688
2015-04-14,68.87319946289062
2015-04-15,70.11774444580078
2015-04-16,70.2785873413086
2015-04-17,69.42349243164062
2015-04-20,69.58438110351562
2015-04-21,69.02558135986328
2015-04-22,69.2203140258789
2015-04-23,69.30497741699219
2015-04-24,68.10274505615234
2015-04-27,68.03504180908203
2015-04-28,68.34827423095703
2015-04-29,68.03504180908203
2015-04-30,68.44987487792969
2015-05-01,69.36425018310547
2015-05-04,69.64362335205078
2015-05-05,69.65208435058594
2015-05-06,69.96536254882812
2015-05-07,69.7781753540039
2015-05-08,70.74803924560547
2015-05-11,70.8756332397461
2015-05-12,70.53533172607422
2015-05-13,71.16492462158203
2015-05-14,71.86251068115234
2015-05-15,71.48816680908203
2015-05-18,71.93907165527344
2015-05-19,72.6622085571289
2015-05-20,72.61115264892578
2015-05-21,72.40699005126953
2015-05-22,72.33039855957031
2015-05-26,71.42012786865234
2015-05-27,71.99861907958984
2015-05-28,71.7178726196289
2015-05-29,71.08834075927734
2015-06-01,70.9437026977539
2015-06-02,71.42012786865234
2015-06-03,71.7178726196289
2015-06-04,70.77357482910156
2015-06-05,72.26234436035156
2015-06-08,72.26234436035156
2015-06-09,72.79835510253906
2015-06-10,73.95532989501953
2015-06-11,74.57640075683594
2015-06-12,74.49983215332031
2015-06-15,74.4317626953125
2015-06-16,74.9251937866211
2015-06-17,74.72950744628906
2015-06-18,75.30802917480469
2015-06-19,75.22294616699219
2015-06-22,75.98863220214844
2015-06-23,76.0396728515625
2015-06-24,75.79295349121094
2015-06-25,75.58875274658203
2015-06-26,75.76741027832031
2015-06-29,74.65296173095703
2015-06-30,74.8401107788086
2015-07-01,75.37608337402344
2015-07-02,75.13789367675781
2015-07-06,74.65296173095703
2015-07-07,74.77203369140625
2015-07-08,73.34278106689453
2015-07-09,73.78522491455078
2015-07-10,74.58489990234375
2015-07-13,75.74191284179688
2015-07-14,75.73340606689453
2015-07-15,76.65221405029297
2015-07-16,77.38385009765625
2015-07-17,77.40936279296875
2015-07-20,77.79220581054688
2015-07-21,78.02191162109375
2015-07-22,77.9708480834961
2015-07-23,77.22220611572266
2015-07-24,67.08984375
2015-07-27,66.87713623046875
2015-07-28,66.91119384765625
2015-07-29,67.73639678955078
2015-07-30,69.33580017089844
2015-07-31,69.16565704345703
2015-08-03,69.44638061523438
2015-08-04,69.23368835449219
2015-08-05,69.64205169677734
2015-08-06,69.36846923828125
2015-08-07,69.09490203857422
2015-08-10,70.52263641357422
2015-08-11,69.1376724243164
2015-08-12,68.92391967773438
2015-08-13,69.04360961914062
2015-08-14,69.47960662841797
2015-08-17,69.80448913574219
2015-08-18,69.47108459472656
2015-08-19,68.49645233154297
2015-08-20,67.57316589355469
2015-08-21,65.50423431396484
2015-08-24,62.862518310546875
2015-08-25,61.7681884765625
2015-08-26,63.90553283691406
2015-08-27,66.13687896728516
2015-08-28,66.10267639160156
2015-08-31,66.47029113769531
2015-09-01,63.53792190551758
2015-09-02,64.37574005126953
2015-09-03,65.11095428466797
2015-09-04,63.973907470703125
2015-09-08,65.64954376220703
2015-09-09,64.85447692871094
2015-09-10,64.86302185058594
2015-09-11,64.67497253417969
2015-09-14,64.76900482177734
2015-09-15,65.2819595336914
2015-09-16,66.0684585571289
2015-09-17,64.88014221191406
2015-09-18,62.88816452026367
2015-09-21,63.76018524169922
2015-09-22,62.99076843261719
2015-09-23,62.836856842041016
2015-09-24,62.5119743347168
2015-09-25,63.30708312988281
2015-09-28,61.69982147216797
2015-09-29,61.16975784301758
2015-09-30,61.999053955078125
2015-10-01,62.35811233520508
2015-10-02,62.29826354980469
2015-10-05,64.37574005126953
2015-10-06,64.30733489990234
2015-10-07,64.08505249023438
2015-10-08,64.16199493408203
2015-10-09,63.649051666259766
2015-10-12,63.47806167602539
2015-10-13,63.213043212890625
2015-10-14,62.03322982788086
2015-10-15,63.708892822265625
2015-10-16,63.83711624145508
2015-10-19,63.81149673461914
2015-10-20,63.76018524169922
2015-10-21,62.99076843261719
2015-10-22,64.06795501708984
2015-10-23,69.35137939453125
2015-10-26,68.09464263916016
2015-10-27,67.82107543945312
2015-10-28,69.36846923828125
2015-10-29,68.5648422241211
2015-10-30,67.4534683227539
2015-11-02,68.58196258544922
2015-11-03,69.14620208740234
2015-11-04,68.86408996582031
2015-11-05,68.34857177734375
2015-11-06,69.95524597167969
2015-11-09,69.12184143066406
2015-11-10,68.2024917602539
2015-11-11,67.76431274414062
2015-11-12,66.48411560058594
2015-11-13,66.13185119628906
2015-11-16,66.93090057373047
2015-11-17,65.61634826660156
2015-11-18,67.26598358154297
2015-11-19,68.37433624267578
2015-11-20,68.271240234375
2015-11-23,67.72134399414062
2015-11-24,67.55809020996094
2015-11-25,67.91038513183594
2015-11-27,67.87600708007812
2015-11-30,67.45500183105469
2015-12-01,68.5805435180664
2015-12-02,67.67839813232422
2015-12-03,66.44116973876953
2015-12-04,68.19391632080078
2015-12-07,67.30035400390625
2015-12-08,66.037353515625
2015-12-09,64.80013275146484
2015-12-10,64.96333312988281
2015-12-11,63.305137634277344
2015-12-14,62.98720169067383
2015-12-15,64.75716400146484
2015-12-16,65.60774993896484
2015-12-17,63.90654754638672
2015-12-18,62.26551055908203
2015-12-21,62.36003112792969
2015-12-22,62.52324295043945
2015-12-23,63.313716888427734
2015-12-24,63.167659759521484
2015-12-28,62.84975051879883
2015-12-29,63.39963912963867
2015-12-30,62.901283264160156
2015-12-31,62.016326904296875
2016-01-04,60.779090881347656
2016-01-05,59.679325103759766
2016-01-06,58.897464752197266
2016-01-07,55.91609191894531
2016-01-08,55.18577575683594
2016-01-11,55.641136169433594
2016-01-12,56.534698486328125
2016-01-13,54.67885208129883
2016-01-14,55.5036735534668
2016-01-15,54.000099182128906
2016-01-19,53.433021545410156
2016-01-20,52.20439147949219
2016-01-21,52.565250396728516
2016-01-22,52.49650192260742
2016-01-25,50.40008544921875
2016-01-26,51.87790298461914
2016-01-27,54.38672637939453
2016-01-28,54.120391845703125
2016-01-29,56.38005828857422
2016-02-01,55.85594940185547
2016-02-02,54.30939865112305
2016-02-03,54.25786209106445
2016-02-04,54.756168365478516
2016-02-05,54.43828582763672
2016-02-08,52.316078186035156
2016-02-09,53.630638122558594
2016-02-10,53.47598648071289
2016-02-11,52.014564514160156
2016-02-12,54.0813102722168
2016-02-16,55.52543258666992
2016-02-17,56.3642463684082
2016-02-18,57.012813568115234
2016-02-19,56.8398551940918
2016-02-22,58.59528732299805
2016-02-23,56.83120346069336
2016-02-24,56.56312561035156
2016-02-25,57.43653869628906
2016-02-26,58.11104202270508
2016-02-29,56.8398551940918
2016-03-01,58.794185638427734
2016-03-02,59.78866195678711
2016-03-03,60.23830795288086
2016-03-04,60.17778015136719
2016-03-07,60.11723709106445
2016-03-08,59.22654724121094
2016-03-09,59.408145904541016
2016-03-10,59.86647415161133
2016-03-11,61.423004150390625
2016-03-14,60.4717903137207
2016-03-15,59.944313049316406
2016-03-16,59.99619674682617
2016-03-17,60.09995651245117
2016-03-18,61.02523422241211
2016-03-21,61.23275375366211
2016-03-22,60.93010711669922
2016-03-23,60.71390151977539
2016-03-24,60.324798583984375
2016-03-28,59.84050750732422
2016-03-29,59.537872314453125
2016-03-30,59.797306060791016
2016-03-31,59.93564224243164
2016-04-01,61.22412109375
2016-04-04,60.38532638549805
2016-04-05,59.2611198425293
2016-04-06,59.03632354736328
2016-04-07,57.57488250732422
2016-04-08,57.65272521972656
2016-04-11,58.11104202270508
2016-04-12,59.070892333984375
2016-04-13,61.25870132446289
2016-04-14,61.80349349975586
2016-04-15,61.691078186035156
2016-04-18,61.967811584472656
2016-04-19,62.9536247253418
2016-04-20,65.2279052734375
2016-04-21,64.62257385253906
2016-04-22,65.3403091430664
2016-04-25,64.84741973876953
2016-04-26,65.68620300292969
2016-04-27,64.25939178466797
2016-04-28,63.446529388427734
2016-04-29,62.59907913208008
2016-05-02,63.62812423706055
2016-05-03,62.23587417602539
2016-05-04,60.255592346191406
2016-05-05,59.7713508605957
2016-05-06,60.00484085083008
2016-05-09,60.18642807006836
2016-05-10,61.51815414428711
2016-05-11,60.83498001098633
2016-05-12,60.32186508178711
2016-05-13,59.75658416748047
2016-05-16,60.252296447753906
2016-05-17,59.86094284057617
2016-05-18,61.73077392578125
2016-05-19,61.339412689208984
2016-05-20,61.687286376953125
2016-05-23,61.44377899169922
2016-05-24,62.28736114501953
2016-05-25,63.72238540649414
2016-05-26,63.104888916015625
2016-05-27,64.20940399169922
2016-05-31,63.69630432128906
2016-06-01,63.67888641357422
2016-06-02,63.818058013916016
2016-06-03,62.26998519897461
2016-06-06,63.35708999633789
2016-06-07,62.92225646972656
2016-06-08,62.70482635498047
2016-06-09,61.6351203918457
2016-06-10,60.91325378417969
2016-06-13,60.008792877197266
2016-06-14,56.03429412841797
2016-06-15,56.2169303894043
2016-06-16,55.87773895263672
2016-06-17,55.8255615234375
2016-06-20,55.903839111328125
2016-06-21,55.87773895263672
2016-06-22,55.59944152832031
2016-06-23,57.051822662353516
2016-06-24,53.81657409667969
2016-06-27,50.57261276245117
2016-06-28,51.88584899902344
2016-06-29,53.85136032104492
2016-06-30,55.234161376953125
2016-07-01,54.75584030151367
2016-07-05,52.92949295043945
2016-07-06,53.29475784301758
2016-07-07,53.825260162353516
2016-07-08,56.277793884277344
2016-07-11,57.625823974609375
2016-07-12,59.00863265991211
2016-07-13,59.086917877197266
2016-07-14,59.878318786621094
2016-07-15,59.26955032348633
2016-07-18,59.24346160888672
2016-07-19,58.90427780151367
2016-07-20,58.79989242553711
2016-07-21,59.130393981933594
2016-07-22,58.29547882080078
2016-07-25,58.565093994140625
2016-07-26,58.86949157714844
2016-07-27,59.06083679199219
2016-07-28,58.68686294555664
2016-07-29,58.33897399902344
2016-08-01,58.29547882080078
2016-08-02,57.66061782836914
2016-08-03,57.87803649902344
2016-08-04,57.92177963256836
2016-08-05,59.58418655395508
2016-08-08,59.64543151855469
2016-08-09,59.30420684814453
2016-08-10,58.49049758911133
2016-08-11,59.44419479370117
2016-08-12,59.496700286865234
2016-08-15,60.030418395996094
2016-08-16,60.039180755615234
2016-08-17,59.750431060791016
2016-08-18,59.6804313659668
2016-08-19,59.98666000366211
2016-08-22,60.0916748046875
2016-08-23,60.187904357910156
2016-08-24,60.039180755615234
2016-08-25,60.17040252685547
2016-08-26,60.511653900146484
2016-08-29,60.9228630065918
2016-08-30,61.535343170166016
2016-08-31,62.646522521972656
2016-09-01,62.191532135009766
2016-09-02,62.6815185546875
2016-09-06,62.11281967163086
2016-09-07,62.79526901245117
2016-09-08,63.241493225097656
2016-09-09,62.69028091430664
2016-09-12,63.433982849121094
2016-09-13,62.314029693603516
2016-09-14,61.76280975341797
2016-09-15,62.11281967163086
2016-09-16,61.43033981323242
2016-09-19,62.10405349731445
2016-09-20,61.73657989501953
2016-09-21,62.716514587402344
2016-09-22,63.11899185180664
2016-09-23,62.36653518676758
2016-09-26,61.95531463623047
2016-09-27,62.82151794433594
2016-09-28,62.77778244018555
2016-09-29,61.56158447265625
2016-09-30,62.84775924682617
2016-10-03,63.110233306884766
2016-10-04,63.66147232055664
2016-10-05,64.48392486572266
2016-10-06,63.90644836425781
2016-10-07,63.915199279785156
2016-10-10,64.16018676757812
2016-10-11,63.136497497558594
2016-10-12,63.04899215698242
2016-10-13,62.18279266357422
2016-10-14,62.58527755737305
2016-10-17,62.804039001464844
2016-10-18,62.98775863647461
2016-10-19,64.41390228271484
2016-10-20,65.192626953125
2016-10-21,65.52510070800781
2016-10-24,65.97132873535156
2016-10-25,65.96259307861328
2016-10-26,65.99755859375
2016-10-27,65.44635772705078
2016-10-28,65.29762268066406
2016-10-31,64.78140258789062
2016-11-01,64.07268524169922
2016-11-02,63.530216217041016
2016-11-03,63.27649688720703
2016-11-04,63.95894241333008
2016-11-07,65.48136901855469
2016-11-08,63.73146057128906
2016-11-09,67.12744903564453
2016-11-10,69.70519256591797
2016-11-11,71.25359344482422
2016-11-14,73.69060516357422
2016-11-15,72.27417755126953
2016-11-16,70.57617950439453
2016-11-17,71.75506591796875
2016-11-18,72.15098571777344
2016-11-21,73.20670318603516
2016-11-22,72.6612548828125
2016-11-23,74.44721221923828
2016-11-25,74.4032211303711
2016-11-28,73.23312377929688
2016-11-29,72.6700439453125
2016-11-30,73.93694305419922
2016-12-01,76.19799041748047
2016-12-02,75.66131591796875
2016-12-05,76.28596496582031
2016-12-06,77.28009796142578
2016-12-07,78.81095123291016
2016-12-08,79.71710968017578
2016-12-09,79.57633972167969
2016-12-12,78.670166015625
2016-12-13,78.69657135009766
2016-12-14,78.25666809082031
2016-12-15,79.4971694946289
2016-12-16,78.89012145996094
2016-12-19,79.21562194824219
2016-12-20,79.72590637207031
2016-12-21,79.56754302978516
2016-12-22,78.46781158447266
2016-12-23,78.89891815185547
2016-12-27,78.96928405761719
2016-12-28,77.58806610107422
2016-12-29,76.63787078857422
2016-12-30,76.75224304199219
2017-01-03,78.18632507324219
2017-01-04,79.44439697265625
2017-01-05,77.75520324707031
2017-01-06,77.9487533569336
2017-01-09,76.92820739746094
2017-01-10,78.28307342529297
2017-01-11,78.423828125
2017-01-12,77.32411193847656
2017-01-13,78.168701171875
2017-01-17,75.9868392944336
2017-01-18,76.78742980957031
2017-01-19,76.29479217529297
2017-01-20,76.8402099609375
2017-01-23,76.4267349243164
2017-01-24,78.06312561035156
2017-01-25,77.75520324707031
2017-01-26,78.92532348632812
2017-01-27,78.4326400756836
2017-01-30,78.13349914550781
2017-01-31,76.88418579101562
2017-02-01,76.98977661132812
2017-02-02,75.96044921875
2017-02-03,77.3504867553711
2017-02-06,77.08657836914062
2017-02-07,77.51766204833984
2017-02-08,77.01616668701172
2017-02-09,78.25353240966797
2017-02-10,78.12980651855469
2017-02-13,78.68659210205078
2017-02-14,79.7030029296875
2017-02-15,80.36583709716797
2017-02-16,79.9946517944336
2017-02-17,81.14360809326172
2017-02-21,82.06278228759766
2017-02-22,82.09814453125
2017-02-23,82.55772399902344
2017-02-24,81.85067749023438
2017-02-27,82.7787094116211
2017-02-28,82.9554672241211
2017-03-01,84.952880859375
2017-03-02,83.37086486816406
2017-03-03,83.02616119384766
2017-03-06,82.19537353515625
2017-03-07,82.03629302978516
2017-03-08,81.66508483886719
2017-03-09,81.40876770019531
2017-03-10,81.47948455810547
2017-03-13,81.12594604492188
2017-03-14,81.09059143066406
2017-03-15,79.47318267822266
2017-03-16,79.72950744628906
2017-03-17,77.97953796386719
2017-03-20,76.69801330566406
2017-03-21,73.93162536621094
2017-03-22,73.95816040039062
2017-03-23,74.04653930664062
2017-03-24,74.06421661376953
2017-03-27,72.58824157714844
2017-03-28,74.39125061035156
2017-03-29,74.84197235107422
2017-03-30,77.01616668701172
2017-03-31,76.59195709228516
2017-04-03,75.83185577392578
2017-04-04,75.35460662841797
2017-04-05,74.35587310791016
2017-04-06,74.44425201416016
2017-04-07,73.83443450927734
2017-04-10,73.15387725830078
2017-04-11,73.43671417236328
2017-04-12,72.84455108642578
2017-04-13,71.607177734375
2017-04-17,73.35717010498047
2017-04-18,72.38496398925781
2017-04-19,72.39380645751953
2017-04-20,73.9935073852539
2017-04-21,73.06549072265625
2017-04-24,74.84197235107422
2017-04-25,75.6374282836914
2017-04-26,73.41020202636719
2017-04-27,72.74730682373047
2017-04-28,71.04154205322266
2017-05-01,72.09329223632812
2017-05-02,72.87989044189453
2017-05-03,72.90642547607422
2017-05-04,72.90642547607422
2017-05-05,72.71198272705078
2017-05-08,72.57941436767578
2017-05-09,72.75616455078125
2017-05-10,72.18168640136719
2017-05-11,71.19580841064453
2017-05-12,70.52079010009766
2017-05-15,72.07511901855469
2017-05-16,71.66653442382812
2017-05-17,69.69480895996094
2017-05-18,70.40534973144531
2017-05-19,71.29349517822266
2017-05-22,70.72508239746094
2017-05-23,71.35567474365234
2017-05-24,70.98263549804688
2017-05-25,70.61849212646484
2017-05-26,70.86717224121094
2017-05-30,69.52606964111328
2017-05-31,68.3181381225586
2017-06-01,69.20631408691406
2017-06-02,69.31288146972656
2017-06-05,69.57046508789062
2017-06-06,69.51715087890625
2017-06-07,70.07670593261719
2017-06-08,70.5385513305664
2017-06-09,71.1158676147461
2017-06-12,71.20467376708984
2017-06-13,71.5599594116211
2017-06-14,71.13362884521484
2017-06-15,72.25273132324219
2017-06-16,72.21720886230469
2017-06-19,72.59025573730469
2017-06-20,72.13727569580078
2017-06-21,71.83528900146484
2017-06-22,71.40007781982422
2017-06-23,70.62739562988281
2017-06-26,71.57771301269531
2017-06-27,72.27938842773438
2017-06-28,73.7004623413086
2017-06-29,72.35929870605469
2017-06-30,73.3807144165039
2017-07-03,74.2155990600586
2017-07-05,73.45178985595703
2017-07-06,72.92774963378906
2017-07-07,73.27411651611328
2017-07-10,72.87445068359375
2017-07-11,71.9773941040039
2017-07-12,73.00767517089844
2017-07-13,73.35409545898438
2017-07-14,73.27411651611328
2017-07-17,72.98104858398438
2017-07-18,72.44812774658203
2017-07-19,72.27938842773438
2017-07-20,71.95075225830078
2017-07-21,78.10579681396484
2017-07-24,77.37747955322266
2017-07-25,77.3508529663086
2017-07-26,76.1251449584961
2017-07-27,75.31694030761719
2017-07-28,75.46791076660156
2017-07-31,76.5426025390625
2017-08-01,76.39160919189453
2017-08-02,76.1251449584961
2017-08-03,75.48268127441406
2017-08-04,75.3220443725586
2017-08-07,75.98237609863281
2017-08-08,76.30363464355469
2017-08-09,75.97344970703125
2017-08-10,74.1174087524414
2017-08-11,73.8853988647461
2017-08-14,75.18821716308594
2017-08-15,75.09005737304688
2017-08-16,74.7955551147461
2017-08-17,73.16260528564453
2017-08-18,72.75213623046875
2017-08-21,72.65396881103516
2017-08-22,72.67182922363281
2017-08-23,72.53795623779297
2017-08-24,72.66290283203125
2017-08-25,72.71644592285156
2017-08-28,71.87764739990234
2017-08-29,71.15483856201172
2017-08-30,71.46715545654297
2017-08-31,71.0388412475586
2017-09-01,71.6634750366211
2017-09-05,70.19112396240234
2017-09-06,70.91390991210938
2017-09-07,69.80741882324219
2017-09-08,69.7895736694336
2017-09-11,70.54808044433594
2017-09-12,71.00315856933594
2017-09-13,71.57422637939453
2017-09-14,70.22682189941406
2017-09-15,71.42255401611328
2017-09-18,71.60993194580078
2017-09-19,72.2435073852539
2017-09-20,72.9930648803711
2017-09-21,72.79676055908203
2017-09-22,73.11800384521484
2017-09-25,73.59984588623047
2017-09-26,73.8853988647461
2017-09-27,74.89372253417969
2017-09-28,75.06329345703125
2017-09-29,75.5451431274414
2017-10-02,76.6694564819336
2017-10-03,77.07102966308594
2017-10-04,77.04425811767578
2017-10-05,77.71353149414062
2017-10-06,77.66889953613281
2017-10-09,77.90091705322266
2017-10-10,77.90091705322266
2017-10-11,77.41012573242188
2017-10-12,75.48268127441406
2017-10-13,76.1697769165039
2017-10-16,77.49935150146484
2017-10-17,76.80331420898438
2017-10-18,77.329833984375
2017-10-19,78.06153106689453
2017-10-20,80.0157470703125
2017-10-23,80.06036376953125
2017-10-24,79.88189697265625
2017-10-25,81.04193878173828
2017-10-26,82.55890655517578
2017-10-27,82.7909164428711
2017-10-30,82.47859191894531
2017-10-31,82.25553131103516
2017-11-01,82.00564575195312
2017-11-02,82.49644470214844
2017-11-03,81.73797607421875
2017-11-06,82.36259460449219
2017-11-07,80.41728210449219
2017-11-08,79.39111328125
2017-11-09,78.62371826171875
2017-11-10,78.12173461914062
2017-11-13,77.94244384765625
2017-11-14,77.0908432006836
2017-11-15,78.55198669433594
2017-11-16,78.12173461914062
2017-11-17,78.73128509521484
2017-11-20,79.12566375732422
2017-11-21,78.83882904052734
2017-11-22,78.2203369140625
2017-11-24,78.32787322998047
2017-11-27,77.87073516845703
2017-11-28,80.4523696899414
2017-11-29,81.54597473144531
2017-11-30,82.46929168701172
2017-12-01,83.11469268798828
2017-12-04,85.05989074707031
2017-12-05,84.18142700195312
2017-12-06,84.14556121826172
2017-12-07,85.22125244140625
2017-12-08,85.86666107177734
2017-12-11,86.02800750732422
2017-12-12,86.24313354492188
2017-12-13,84.90750122070312
2017-12-14,84.31586456298828
2017-12-15,86.3327865600586
2017-12-18,89.0219955444336
2017-12-19,88.51105499267578
2017-12-20,88.3765869140625
2017-12-21,89.21023559570312
2017-12-22,90.08870697021484
2017-12-26,89.5688247680664
2017-12-27,89.41641998291016
2017-12-28,89.90943908691406
2017-12-29,89.26403045654297
2018-01-02,89.29093933105469
2018-01-03,89.13854217529297
2018-01-04,90.91341400146484
2018-01-05,90.9223861694336
2018-01-08,90.35765075683594
2018-01-09,91.15544128417969
2018-01-10,92.45523834228516
2018-01-11,93.6026382446289
2018-01-12,94.50801849365234
2018-01-16,93.6026382446289
2018-01-17,93.57571411132812
2018-01-18,92.6972885131836
2018-01-19,93.5667724609375
2018-01-22,94.56178283691406
2018-01-23,94.75899505615234
2018-01-24,94.35559844970703
2018-01-25,93.45921325683594
2018-01-26,94.03290557861328
2018-01-29,93.76397705078125
2018-01-30,92.75105285644531
2018-01-31,93.1902847290039
2018-02-01,93.87157440185547
2018-02-02,91.04788970947266
2018-02-05,86.9513168334961
2018-02-06,88.24214172363281
2018-02-07,87.95529174804688
2018-02-08,82.28997802734375
2018-02-09,82.84821319580078
2018-02-12,85.70222473144531
2018-02-13,85.81026458740234
2018-02-14,87.67395782470703
2018-02-15,88.83536529541016
2018-02-16,89.60966491699219
2018-02-20,88.64630126953125
2018-02-21,87.68294525146484
2018-02-22,87.03471374511719
2018-02-23,89.16850280761719
2018-02-26,90.70806121826172
2018-02-27,89.35758209228516
2018-02-28,88.16914367675781
2018-03-01,86.89068603515625
2018-03-02,87.07975006103516
2018-03-05,88.14212036132812
2018-03-06,88.2681655883789
2018-03-07,87.8990478515625
2018-03-08,88.36722564697266
2018-03-09,90.74407958984375
2018-03-12,90.44697570800781
2018-03-13,88.97044372558594
2018-03-14,87.51190948486328
2018-03-15,88.2771987915039
2018-03-16,89.45661163330078
2018-03-19,88.8173599243164
2018-03-20,88.83536529541016
2018-03-21,88.39422607421875
2018-03-22,85.216064453125
2018-03-23,83.18132019042969
2018-03-26,85.59419250488281
2018-03-27,84.2887191772461
2018-03-28,84.87391662597656
2018-03-29,86.26944732666016
2018-04-02,84.40576171875
2018-04-03,85.9273452758789
2018-04-04,86.74661254882812
2018-04-05,87.80000305175781
2018-04-06,85.27908325195312
2018-04-09,85.9813461303711
2018-04-10,87.16976928710938
2018-04-11,85.84626770019531
2018-04-12,87.22380065917969
2018-04-13,86.78263092041016
2018-04-16,87.24182891845703
2018-04-17,87.76400756835938
2018-04-18,87.4578857421875
2018-04-19,88.54727172851562
2018-04-20,88.21416473388672
2018-04-23,87.78201293945312
2018-04-24,87.70997619628906
2018-04-25,83.51446533203125
2018-04-26,82.52407836914062
2018-04-27,82.578125
2018-04-30,81.5877456665039
2018-05-01,80.732421875
2018-05-02,80.29127502441406
2018-05-03,79.15685272216797
2018-05-04,80.1832275390625
2018-05-07,80.05718231201172
2018-05-08,81.19160461425781
2018-05-09,82.92923736572266
2018-05-10,83.43340301513672
2018-05-11,83.7589340209961
2018-05-14,84.26531982421875
2018-05-15,85.58550262451172
2018-05-16,86.58012390136719
2018-05-17,87.47534942626953
2018-05-18,87.19499969482422
2018-05-21,87.29448699951172
2018-05-22,87.47534942626953
2018-05-23,86.50779724121094
2018-05-24,86.20036315917969
2018-05-25,85.73016357421875
2018-05-29,82.88185119628906
2018-05-30,84.28339385986328
2018-05-31,84.99773406982422
2018-06-01,85.69398498535156
2018-06-04,86.29984283447266
2018-06-05,85.31420135498047
2018-06-06,87.22213745117188
2018-06-07,87.49341583251953
2018-06-08,87.68330383300781
2018-06-11,87.04129791259766
2018-06-12,87.05033111572266
2018-06-13,86.81523895263672
2018-06-14,87.05938720703125
2018-06-15,87.9455337524414
2018-06-18,88.09925079345703
2018-06-19,87.1136474609375
2018-06-20,86.53492736816406
2018-06-21,86.1370620727539
2018-06-22,85.91100311279297
2018-06-25,85.43177032470703
2018-06-26,84.76264190673828
2018-06-27,83.48767852783203
2018-06-28,83.59618377685547
2018-06-29,83.0988540649414
2018-07-02,84.79879760742188
2018-07-03,84.03924560546875
2018-07-05,83.78607177734375
2018-07-06,84.00309753417969
2018-07-09,87.31254577636719
2018-07-10,86.81523895263672
2018-07-11,86.19131469726562
2018-07-12,86.11898040771484
2018-07-13,85.53125
2018-07-16,86.72481536865234
2018-07-17,86.78809356689453
2018-07-18,87.79180145263672
2018-07-19,86.23653411865234
2018-07-20,87.91839599609375
2018-07-23,89.83537292480469
2018-07-24,89.48271942138672
2018-07-25,89.4465560913086
2018-07-26,87.240234375
2018-07-27,85.42273712158203
2018-07-30,84.78975677490234
2018-07-31,85.28709411621094
2018-08-01,86.0737533569336
2018-08-02,86.59821319580078
2018-08-03,87.78775787353516
2018-08-06,87.65154266357422
2018-08-07,88.35977935791016
2018-08-08,88.65037536621094
2018-08-09,88.6412582397461
2018-08-10,87.2610855102539
2018-08-13,86.99774169921875
2018-08-14,88.80471801757812
2018-08-15,88.31438446044922
2018-08-16,89.82169342041016
2018-08-17,90.04872131347656
2018-08-20,90.70247650146484
2018-08-21,91.247314453125
2018-08-22,91.21097564697266
2018-08-23,90.38469696044922
2018-08-24,90.3120346069336
2018-08-27,91.61959838867188
2018-08-28,91.29269409179688
2018-08-29,90.92950439453125
2018-08-30,90.12135314941406
2018-08-31,89.97606658935547
2018-09-04,90.64800262451172
2018-09-05,90.66616821289062
2018-09-06,89.1225357055664
2018-09-07,89.32229614257812
2018-09-10,89.41309356689453
2018-09-11,89.5583724975586
2018-09-12,88.45057678222656
2018-09-13,88.07830810546875
2018-09-14,88.97725677490234
2018-09-17,88.16910552978516
2018-09-18,88.10554504394531
2018-09-19,89.85802459716797
2018-09-20,90.13043975830078
2018-09-21,89.90342712402344
2018-09-24,88.65037536621094
2018-09-25,88.50507354736328
2018-09-26,87.34280395507812
2018-09-27,86.67993927001953
2018-09-28,86.19869232177734
2018-10-01,86.21685791015625
2018-10-02,86.74351501464844
2018-10-03,87.8331298828125
2018-10-04,87.74232482910156
2018-10-05,87.22476196289062
2018-10-08,87.56072998046875
2018-10-09,87.17027282714844
2018-10-10,84.96378326416016
2018-10-11,82.57568359375
2018-10-12,82.43946838378906
2018-10-15,82.22154998779297
2018-10-16,83.20221710205078
2018-10-17,83.06603240966797
2018-10-18,82.03993225097656
2018-10-19,83.20221710205078
2018-10-22,80.39642333984375
2018-10-23,79.03437042236328
2018-10-24,77.9629135131836
2018-10-25,80.15123748779297
2018-10-26,77.86305236816406
2018-10-29,78.50772857666016
2018-10-30,79.76078796386719
2018-10-31,81.08653259277344
2018-11-01,81.08653259277344
2018-11-02,79.24321746826172
2018-11-05,79.95147705078125
2018-11-06,80.97754669189453
2018-11-07,82.21245574951172
2018-11-08,82.86915588378906
2018-11-09,82.44960021972656
2018-11-12,81.28217315673828
2018-11-13,81.99357604980469
2018-11-14,81.0997543334961
2018-11-15,81.31865692138672
2018-11-16,79.93233489990234
2018-11-19,80.01443481445312
2018-11-20,78.44569396972656
2018-11-21,78.83788299560547
2018-11-23,78.0990982055664
2018-11-26,80.23330688476562
2018-11-27,80.4339828491211
2018-11-28,82.45873260498047
2018-11-29,81.0541763305664
2018-11-30,81.79290771484375
2018-12-03,82.51345825195312
2018-12-04,77.4241943359375
2018-12-06,77.1688232421875
2018-12-07,75.39942169189453
2018-12-10,75.19877624511719
2018-12-11,74.20463562011719
2018-12-12,74.82483673095703
2018-12-13,73.31996154785156
2018-12-14,71.80594635009766
2018-12-17,70.1460189819336
2018-12-18,69.50756072998047
2018-12-19,68.10299682617188
2018-12-20,67.93883514404297
2018-12-21,66.02352142333984
2018-12-24,64.55511474609375
2018-12-26,67.86588287353516
2018-12-27,68.39485931396484
2018-12-28,68.09390258789062
2018-12-31,68.94208526611328
2019-01-02,70.4652099609375
2019-01-03,69.46197509765625
2019-01-04,72.54472351074219
2019-01-07,72.9460220336914
2019-01-08,72.98250579833984
2019-01-09,73.48412322998047
2019-01-10,72.91864776611328
2019-01-11,73.82157897949219
2019-01-14,74.24111938476562
2019-01-15,74.35057830810547
2019-01-16,76.26589965820312
2019-01-17,76.29322814941406
2019-01-18,77.49716186523438
2019-01-22,76.06522369384766
2019-01-23,71.32255554199219
2019-01-24,73.12842559814453
2019-01-25,72.61766052246094
2019-01-28,72.48999786376953
2019-01-29,72.56295013427734
2019-01-30,73.76686096191406
2019-01-31,73.50236511230469
2019-02-01,73.76686096191406
2019-02-04,74.23200988769531
2019-02-05,73.74861907958984
2019-02-06,73.0919418334961
2019-02-07,72.07955169677734
2019-02-08,71.34620666503906
2019-02-11,71.53871154785156
2019-02-12,73.14292907714844
2019-02-13,73.32626342773438
2019-02-14,72.97791290283203
2019-02-15,74.77464294433594
2019-02-19,75.35215759277344
2019-02-20,75.82884216308594
2019-02-21,75.23297882080078
2019-02-22,74.43546295166016
2019-02-25,74.63713073730469
2019-02-26,74.16046142578125
2019-02-27,75.40714263916016
2019-02-28,76.61719512939453
2019-03-01,77.24053955078125
2019-03-04,76.36967468261719
2019-03-05,76.05801391601562
2019-03-06,75.63633728027344
2019-03-07,74.50879669189453
2019-03-08,74.59129333496094
2019-03-11,75.94800567626953
2019-03-12,76.0396728515625
2019-03-13,76.76384735107422
2019-03-14,76.27800750732422
2019-03-15,77.30471801757812
2019-03-18,77.82723999023438
2019-03-19,77.37806701660156
2019-03-20,76.0396728515625
2019-03-21,75.98468780517578
2019-03-22,73.3354263305664
2019-03-25,72.74874877929688
2019-03-26,73.94043731689453
2019-03-27,73.39960479736328
2019-03-28,74.21546173095703
2019-03-29,74.8846435546875
2019-04-01,77.44221496582031
2019-04-02,77.62557220458984
2019-04-03,78.20305633544922
2019-04-04,79.4772720336914
2019-04-05,79.33060455322266
2019-04-08,78.87226104736328
2019-04-09,78.01055908203125
2019-04-10,78.49639892578125
2019-04-11,79.06476593017578
2019-04-12,80.51313018798828
2019-04-15,79.64228057861328
2019-04-16,80.58647155761719
2019-04-17,80.59564208984375
2019-04-18,80.76982116699219
2019-04-22,80.31147003173828
2019-04-23,80.84314727783203
2019-04-24,80.4764633178711
2019-04-25,80.71479797363281
2019-04-26,85.921630859375
2019-04-29,84.68408203125
2019-04-30,85.09658813476562
2019-05-01,84.86742401123047
2019-05-02,85.1791000366211
2019-05-03,86.40748596191406
2019-05-06,85.81161499023438
2019-05-07,83.96906280517578
2019-05-08,82.70401000976562
2019-05-09,82.6856918334961
2019-05-10,83.22896575927734
2019-05-13,80.604736328125
2019-05-14,82.18849182128906
2019-05-15,82.29898071289062
2019-05-16,83.77223205566406
2019-05-17,83.3670654296875
2019-05-20,84.14053344726562
2019-05-21,84.89556121826172
2019-05-22,84.030029296875
2019-05-23,82.17926788330078
2019-05-24,83.58806610107422
2019-05-28,81.7188720703125
2019-05-29,82.3542251586914
2019-05-30,81.35057067871094
2019-05-31,79.06705474853516
2019-06-03,80.18116760253906
2019-06-04,82.79618072509766
2019-06-05,82.77777862548828
2019-06-06,83.20133209228516
2019-06-07,83.10926055908203
2019-06-10,83.26579284667969
2019-06-11,84.10369873046875
2019-06-12,83.37627410888672
2019-06-13,83.57884216308594
2019-06-14,83.39470672607422
2019-06-17,82.82380676269531
2019-06-18,84.05765533447266
2019-06-19,83.31182861328125
2019-06-20,84.3707046508789
2019-06-21,84.26942443847656
2019-06-24,81.6912612915039
2019-06-25,81.78333282470703
2019-06-26,82.29898071289062
2019-06-27,82.2529296875
2019-06-28,83.55123901367188
2019-07-01,84.74821472167969
2019-07-02,83.88269805908203
2019-07-03,85.62296295166016
2019-07-05,85.2086181640625
2019-07-08,84.5272445678711
2019-07-09,84.97842407226562
2019-07-10,83.01719665527344
2019-07-11,83.52360534667969
2019-07-12,83.85506439208984
2019-07-15,82.63965606689453
2019-07-16,82.80540466308594
2019-07-17,81.20325469970703
2019-07-18,81.72808837890625
2019-07-19,83.46835327148438
2019-07-22,84.4535903930664
2019-07-23,86.86602020263672
2019-07-24,89.24162292480469
2019-07-25,88.30242156982422
2019-07-26,90.3097152709961
2019-07-29,89.24162292480469
2019-07-30,83.9840087890625
2019-07-31,85.09812927246094
2019-08-01,84.06684875488281
2019-08-02,83.09577941894531
2019-08-05,80.10858917236328
2019-08-06,81.66230773925781
2019-08-07,81.33861541748047
2019-08-08,82.0877456665039
2019-08-09,81.11665344238281
2019-08-12,79.24851989746094
2019-08-13,80.65424346923828
2019-08-14,77.17689514160156
2019-08-15,77.38035583496094
2019-08-16,79.07278442382812
2019-08-19,80.43228912353516
2019-08-20,78.8138427734375
2019-08-21,79.5536880493164
2019-08-22,79.28550720214844
2019-08-23,76.86247253417969
2019-08-26,77.94450378417969
2019-08-27,76.86247253417969
2019-08-28,78.23119354248047
2019-08-29,79.73867797851562
2019-08-30,80.10858917236328
2019-09-03,78.93406677246094
2019-09-04,79.49822998046875
2019-09-05,81.6808090209961
2019-09-06,81.56059265136719
2019-09-09,84.12236022949219
2019-09-10,84.92696380615234
2019-09-11,85.16742706298828
2019-09-12,85.92576599121094
2019-09-13,86.58241271972656
2019-09-16,87.24826049804688
2019-09-17,86.776611328125
2019-09-18,86.84133911132812
2019-09-19,86.25871276855469
2019-09-20,85.76852416992188
2019-09-23,85.8702621459961
2019-09-24,84.48303985595703
2019-09-25,84.42755126953125
2019-09-26,84.27957153320312
2019-09-27,84.47379302978516
2019-09-30,84.14086151123047
2019-10-01,82.37444305419922
2019-10-02,79.76642608642578
2019-10-03,79.37798309326172
2019-10-04,80.75598907470703
2019-10-07,80.34905242919922
2019-10-08,78.05547332763672
2019-10-09,79.24851989746094
2019-10-10,80.48778533935547
2019-10-11,82.1432113647461
2019-10-14,81.94901275634766
2019-10-15,83.35474395751953
2019-10-16,83.17903900146484
2019-10-17,83.24376678466797
2019-10-18,83.04955291748047
2019-10-21,84.45526885986328
2019-10-22,85.23217010498047
2019-10-23,85.81478118896484
2019-10-24,85.06568145751953
2019-10-25,86.2402114868164
2019-10-28,88.015869140625
2019-10-29,87.35924530029297
2019-10-30,87.42398834228516
2019-10-31,86.2402114868164
2019-11-01,88.08985137939453
2019-11-04,88.94072723388672
2019-11-05,89.98575592041016
2019-11-06,89.74530029296875
2019-11-07,90.35569763183594
2019-11-08,90.31855010986328
2019-11-11,90.08639526367188
2019-11-12,90.2721176147461
2019-11-13,89.43634796142578
2019-11-14,89.7427978515625
2019-11-15,90.42998504638672
2019-11-18,90.26282501220703
2019-11-19,90.1421127319336
2019-11-20,89.6220932006836
2019-11-21,89.86351776123047
2019-11-22,91.0986099243164
2019-11-25,92.73298645019531
2019-11-26,92.138671875
2019-11-27,93.09514617919922
2019-11-29,92.87227630615234
2019-12-02,92.14793395996094
2019-12-03,91.16360473632812
2019-12-04,92.16651916503906
2019-12-05,92.46369171142578
2019-12-06,94.14449310302734
2019-12-09,94.91526794433594
2019-12-10,95.11029815673828
2019-12-11,94.19093322753906
2019-12-12,96.6053695678711
2019-12-13,96.92110443115234
2019-12-16,95.9553451538086
2019-12-17,96.89324188232422
2019-12-18,96.74465942382812
2019-12-19,96.00177764892578
2019-12-20,95.99248504638672
2019-12-23,95.58389282226562
2019-12-24,95.60245513916016
2019-12-26,96.09463500976562
2019-12-27,95.64888763427734
2019-12-30,95.3145751953125
2019-12-31,95.56532287597656
2020-01-02,96.21534729003906
2020-01-03,94.72026062011719
2020-01-06,93.86590576171875
2020-01-07,92.93729400634766
2020-01-08,93.92163848876953
2020-01-09,95.19387817382812
2020-01-10,94.30238342285156
2020-01-13,94.63668823242188
2020-01-14,95.24029541015625
2020-01-15,95.0359878540039
2020-01-16,95.57460021972656
2020-01-17,96.69825744628906
2020-01-21,94.89669799804688
2020-01-22,99.14053344726562
2020-01-23,98.462646484375
2020-01-24,96.85611724853516
2020-01-27,93.94021606445312
2020-01-28,94.75740814208984
2020-01-29,93.97735595703125
2020-01-30,94.87812805175781
2020-01-31,92.67726135253906
2020-02-03,92.6308364868164
2020-02-04,94.4416732788086
2020-02-05,97.26469421386719
2020-02-06,96.13178253173828
2020-02-07,94.90122985839844
2020-02-10,95.04106140136719
2020-02-11,95.4605712890625
2020-02-12,95.83345794677734
2020-02-13,95.81481170654297
2020-02-14,95.68429565429688
2020-02-18,96.04788208007812
2020-02-19,97.08264923095703
2020-02-20,96.52330017089844
2020-02-21,94.29527282714844
2020-02-24,91.58248901367188
2020-02-25,86.49250030517578
2020-02-26,86.5297622680664
2020-02-27,83.12713623046875
2020-02-28,82.27880096435547
2020-03-02,85.2712631225586
2020-03-03,80.56349182128906
2020-03-04,83.27629852294922
2020-03-05,79.31430053710938
2020-03-06,76.71337127685547
2020-03-09,68.11820983886719
2020-03-10,73.04039001464844
2020-03-11,66.58000946044922
2020-03-12,59.317928314208984
2020-03-13,67.9037857055664
2020-03-16,51.69226837158203
2020-03-17,50.265953063964844
2020-03-18,41.29787063598633
2020-03-19,43.12504959106445
2020-03-20,41.95976638793945
2020-03-23,39.96479797363281
2020-03-24,47.459930419921875
2020-03-25,48.79302978515625
2020-03-26,53.948280334472656
2020-03-27,51.552433013916016
2020-03-30,50.21934127807617
2020-03-31,47.00314712524414
2020-04-01,41.652130126953125
2020-04-02,40.95295715332031
2020-04-03,39.405452728271484
2020-04-06,46.07090759277344
2020-04-07,49.324398040771484
2020-04-08,52.87620544433594
2020-04-09,56.03647232055664
2020-04-13,52.67111587524414
2020-04-14,51.5897216796875
2020-04-15,49.035404205322266
2020-04-16,46.62092971801758
2020-04-17,50.92784118652344
2020-04-20,50.21934127807617
2020-04-21,47.69300842285156
2020-04-22,48.028594970703125
2020-04-23,49.04472351074219
2020-04-24,52.34483337402344
2020-04-27,55.17881774902344
2020-04-28,59.4297981262207
2020-04-29,65.023193359375
2020-04-30,60.37135314941406
2020-05-01,57.406856536865234
2020-05-04,57.41618728637695
2020-05-05,56.82886505126953
2020-05-06,54.52626419067383
2020-05-07,56.69835662841797
2020-05-08,58.368717193603516
2020-05-11,55.83502197265625
2020-05-12,54.52125549316406
2020-05-13,50.645652770996094
2020-05-14,55.51596450805664
2020-05-15,54.455570220947266
2020-05-18,59.49480056762695
2020-05-19,56.53883361816406
2020-05-20,57.69306182861328
2020-05-21,57.16755676269531
2020-05-22,56.501285552978516
2020-05-26,61.74697494506836
2020-05-27,66.51405334472656
2020-05-28,64.31819152832031
2020-05-29,63.8489875793457
2020-06-01,64.74047088623047
2020-06-02,66.53282928466797
2020-06-03,69.76093292236328
2020-06-04,72.3978500366211
2020-06-05,74.15265655517578
2020-06-08,75.07231140136719
2020-06-09,73.63652801513672
2020-06-10,67.37739562988281
2020-06-11,62.04726791381836
2020-06-12,66.27945709228516
2020-06-15,66.78620147705078
2020-06-16,69.0665283203125
2020-06-17,67.06771850585938
2020-06-18,65.66950225830078
2020-06-19,63.87715148925781
2020-06-22,64.09297943115234
2020-06-23,65.2847671508789
2020-06-24,61.42790985107422
2020-06-25,62.910587310791016
2020-06-26,57.39277267456055
2020-06-29,58.537628173828125
2020-06-30,58.73469543457031
2020-07-01,56.96110534667969
2020-07-02,57.383392333984375
2020-07-06,58.79099655151367
2020-07-07,56.21977615356445
2020-07-08,57.60861587524414
2020-07-09,54.755859375
2020-07-10,57.05495071411133
2020-07-13,57.768131256103516
2020-07-14,56.94234085083008
2020-07-15,59.7575569152832
2020-07-16,59.4572639465332
2020-07-17,58.17165756225586
2020-07-20,57.092491149902344
2020-07-21,58.997440338134766
2020-07-22,60.104766845703125
2020-07-23,61.37160110473633
2020-07-24,61.05254364013672
2020-07-27,61.69065475463867
2020-07-28,60.151676177978516
2020-07-29,62.2912483215332
2020-07-30,60.84610366821289
2020-07-31,59.870155334472656
2020-08-03,59.57925796508789
2020-08-04,59.34465408325195
2020-08-05,60.68657302856445
2020-08-06,59.63555908203125
2020-08-07,61.79729461669922
2020-08-10,63.35749053955078
2020-08-11,65.44403076171875
2020-08-12,64.05303192138672
2020-08-13,63.573665618896484
2020-08-14,65.29366302490234
2020-08-17,62.7747688293457
2020-08-18,61.534122467041016
2020-08-19,61.75029373168945
2020-08-20,60.40626525878906
2020-08-21,59.96451187133789
2020-08-24,63.31050109863281
2020-08-25,62.8875617980957
2020-08-26,62.295433044433594
2020-08-27,65.42523956298828
2020-08-28,66.85385131835938
2020-08-31,64.88011169433594
2020-09-01,64.45716094970703
2020-09-02,65.19966888427734
2020-09-03,65.71659088134766
2020-09-04,69.54193115234375
2020-09-08,66.13014221191406
2020-09-09,66.3275146484375
2020-09-10,65.24666595458984
2020-09-11,66.77867126464844
2020-09-14,70.15284729003906
2020-09-15,68.89340209960938
2020-09-16,71.59087371826172
2020-09-17,71.41227722167969
2020-09-18,71.23370361328125
2020-09-21,67.34260559082031
2020-09-22,65.75418853759766
2020-09-23,64.0342025756836
2020-09-24,64.00601196289062
2020-09-25,65.19026947021484
2020-09-28,67.04183197021484
2020-09-29,66.21472930908203
2020-09-30,67.53997802734375
2020-10-01,68.54563903808594
2020-10-02,70.434814453125
2020-10-05,73.34846496582031
2020-10-06,71.08332824707031
2020-10-07,73.53642272949219
2020-10-08,75.45376586914062
2020-10-09,75.07783508300781
2020-10-12,75.5759506225586
2020-10-13,74.75827026367188
2020-10-14,73.93116760253906
2020-10-15,73.82779693603516
2020-10-16,74.45751953125
2020-10-19,72.4837646484375
2020-10-20,72.6247329711914
2020-10-21,69.28816223144531
2020-10-22,72.13600158691406
2020-10-23,73.30144500732422
2020-10-26,70.44420623779297
2020-10-27,69.60771179199219
2020-10-28,67.73734283447266
2020-10-29,68.72422790527344
2020-10-30,68.68663024902344
2020-11-02,71.13031768798828
2020-11-03,72.9067153930664
2020-11-04,71.00814056396484
2020-11-05,73.9687728881836
2020-11-06,73.18766784667969
2020-11-09,81.82677459716797
2020-11-10,81.57269287109375
2020-11-11,79.68110656738281
2020-11-12,78.65533447265625
2020-11-13,81.59149169921875
2020-11-16,83.38896179199219
2020-11-17,82.58905029296875
2020-11-18,80.56571960449219
2020-11-19,79.98225402832031
2020-11-20,78.65533447265625
2020-11-23,82.13733673095703
2020-11-24,85.97693634033203
2020-11-25,84.60295867919922
2020-11-27,82.58905029296875
2020-11-30,80.59396362304688
2020-12-01,84.41474151611328
2020-12-02,86.00515747070312
2020-12-03,85.90166473388672
2020-12-04,86.8050765991211
2020-12-07,87.4920654296875
2020-12-08,87.18151092529297
2020-12-09,89.3271713256836
2020-12-10,89.09191131591797
2020-12-11,86.73921203613281
2020-12-14,85.09232330322266
2020-12-15,87.21916198730469
2020-12-16,88.07553100585938
2020-12-17,88.53666687011719
2020-12-18,86.174560546875
2020-12-21,89.67538452148438
2020-12-22,89.39305877685547
2020-12-23,91.11521911621094
2020-12-24,91.56695556640625
2020-12-28,91.80220794677734
2020-12-29,90.51293182373047
2020-12-30,92.11276245117188
2020-12-31,93.0256118774414
2021-01-04,92.07512664794922
2021-01-05,94.23961639404297
2021-01-06,101.0530014038086
2021-01-07,104.20561981201172
2021-01-08,104.04563903808594
2021-01-11,102.8692855834961
2021-01-12,104.2338638305664
2021-01-13,105.47608184814453
2021-01-14,107.65938568115234
2021-01-15,105.89956665039062
2021-01-19,106.21011352539062
2021-01-20,104.81732177734375
2021-01-21,102.14466094970703
2021-01-22,99.13320922851562
2021-01-25,96.4887924194336
2021-01-26,94.04197692871094
2021-01-27,96.63934326171875
2021-01-28,100.54483032226562
2021-01-29,98.11685943603516
2021-02-01,96.79933166503906
2021-02-02,99.79196166992188
2021-02-03,100.89302825927734
2021-02-04,106.02191925048828
2021-02-05,107.73467254638672
2021-02-08,109.16512298583984
2021-02-09,109.0992431640625
2021-02-10,110.68965148925781
2021-02-11,110.25676727294922
2021-02-12,110.81200408935547
2021-02-16,113.12551879882812
2021-02-17,112.28508758544922
2021-02-18,110.50037384033203
2021-02-19,112.89888000488281
2021-02-22,115.7506103515625
2021-02-23,115.71283721923828
2021-02-24,117.54475402832031
2021-02-25,112.59668731689453
2021-02-26,113.49378204345703
2021-03-01,117.0254135131836
2021-03-02,116.58159637451172
2021-03-03,118.42294311523438
2021-03-04,118.92340850830078
2021-03-05,120.58536529541016
2021-03-08,121.52022552490234
2021-03-09,119.26335906982422
2021-03-10,122.31340026855469
2021-03-11,124.740234375
2021-03-12,125.1651382446289
2021-03-15,125.21236419677734
2021-03-16,121.33135223388672
2021-03-17,124.31529235839844
2021-03-18,121.16136932373047
2021-03-19,119.38612365722656
2021-03-22,118.24353790283203
2021-03-23,115.59009552001953
2021-03-24,117.00651550292969
2021-03-25,120.74590301513672
2021-03-26,122.37005615234375
2021-03-29,119.4427719116211
2021-03-30,121.3974380493164
2021-03-31,120.14155578613281
2021-04-01,122.54947662353516
2021-04-05,125.21236419677734
2021-04-06,124.67410278320312
2021-04-07,125.56175994873047
2021-04-08,125.33514404296875
2021-04-09,126.69490814208984
2021-04-12,126.76099395751953
2021-04-13,125.27847290039062
2021-04-14,128.2057647705078
2021-04-15,127.35587310791016
2021-04-16,129.06503295898438
2021-04-19,127.86579895019531
2021-04-20,124.17365264892578
2021-04-21,125.50509643554688
2021-04-22,125.590087890625
2021-04-23,128.12075805664062
2021-04-26,130.5853271484375
2021-04-27,131.20858764648438
2021-04-28,136.31716918945312
2021-04-29,140.91586303710938
2021-04-30,140.7742156982422
2021-05-03,141.5674285888672
2021-05-04,143.55043029785156
2021-05-05,145.04238891601562
2021-05-06,147.72413635253906
2021-05-07,148.9234161376953
2021-05-10,148.61178588867188
2021-05-11,146.13775634765625
2021-05-12,144.44747924804688
2021-05-13,147.58250427246094
2021-05-14,149.68418884277344
2021-05-17,151.37879943847656
2021-05-18,148.54815673828125
2021-05-19,148.77537536621094
2021-05-20,149.4001922607422
2021-05-21,150.57411193847656
2021-05-24,152.17405700683594
2021-05-25,149.78834533691406
2021-05-26,151.32199096679688
2021-05-27,153.16807556152344
2021-05-28,152.21192932128906
2021-06-01,157.39041137695312
2021-06-02,157.0780029296875
2021-06-03,157.42828369140625
2021-06-04,157.39988708496094
2021-06-07,154.83433532714844
2021-06-08,154.05799865722656
2021-06-09,152.04151916503906
2021-06-10,150.2806396484375
2021-06-11,152.08883666992188
2021-06-14,150.25222778320312
2021-06-15,153.47105407714844
2021-06-16,153.55624389648438
2021-06-17,145.36720275878906
2021-06-18,142.0253143310547
2021-06-21,146.63583374023438
2021-06-22,146.63583374023438
2021-06-23,148.0369415283203
2021-06-24,149.17298889160156
2021-06-25,151.4640350341797
2021-06-28,147.6866455078125
2021-06-29,145.93521118164062
2021-06-30,146.4464569091797
2021-07-01,148.77537536621094
2021-07-02,149.0120086669922
2021-07-06,147.2133026123047
2021-07-07,146.77780151367188
2021-07-08,144.33529663085938
2021-07-09,151.9941864013672
2021-07-12,156.06503295898438
2021-07-13,154.16212463378906
2021-07-14,150.37530517578125
2021-07-15,151.80484008789062
2021-07-16,149.12564086914062
2021-07-19,145.42401123046875
2021-07-20,149.56112670898438
2021-07-21,154.51243591308594
2021-07-22,152.8272705078125
2021-07-23,151.5492401123047
2021-07-26,153.68878173828125
2021-07-27,153.8781280517578
2021-07-28,152.7894287109375
2021-07-29,155.17510986328125
2021-07-30,153.08290100097656
2021-08-02,151.5681610107422
2021-08-03,152.8272705078125
2021-08-04,152.60008239746094
2021-08-05,154.49349975585938
2021-08-06,158.2702178955078
2021-08-09,158.51821899414062
2021-08-10,162.7717742919922
2021-08-11,166.4722137451172
2021-08-12,168.74209594726562
2021-08-13,169.50509643554688
2021-08-16,169.1140594482422
2021-08-17,165.260986328125
2021-08-18,164.059326171875
2021-08-19,160.3207244873047
2021-08-20,160.43516540527344
2021-08-23,161.51287841796875
2021-08-24,162.18051147460938
2021-08-25,165.8809356689453
2021-08-26,163.68739318847656
2021-08-27,167.6643829345703
2021-08-30,157.54541015625
2021-08-31,158.289306640625
2021-09-01,154.19784545898438
2021-09-02,152.65280151367188
2021-09-03,149.9823760986328
2021-09-07,149.66763305664062
2021-09-08,147.4454803466797
2021-09-09,148.5708465576172
2021-09-10,148.36105346679688
2021-09-13,151.57505798339844
2021-09-14,147.24517822265625
2021-09-15,151.55604553222656
2021-09-16,152.7576904296875
2021-09-17,152.18548583984375
2021-09-20,149.13356018066406
2021-09-21,149.25755310058594
2021-09-22,152.23316955566406
2021-09-23,158.3369903564453
2021-09-24,158.4800567626953
2021-09-27,161.90390014648438
2021-09-28,159.63404846191406
2021-09-29,158.8424530029297
2021-09-30,154.4744110107422
2021-10-01,158.83291625976562
2021-10-04,158.42279052734375
2021-10-05,160.9120330810547
2021-10-06,160.10137939453125
2021-10-07,160.11090087890625
2021-10-08,160.98834228515625
2021-10-11,158.4895782470703
2021-10-12,159.8915557861328
2021-10-13,154.59840393066406
2021-10-14,158.32742309570312
2021-10-15,160.58778381347656
2021-10-18,161.33168029785156
2021-10-19,161.93251037597656
2021-10-20,165.23239135742188
2021-10-21,158.0222625732422
2021-10-22,160.07275390625
2021-10-25,160.87387084960938
2021-10-26,157.22113037109375
2021-10-27,145.44268798828125
2021-10-28,145.44268798828125
2021-10-29,144.0406951904297
2021-11-01,145.92904663085938
2021-11-02,144.8799591064453
2021-11-03,146.77786254882812
2021-11-04,146.3582305908203
2021-11-05,147.70297241210938
2021-11-08,148.3229217529297
2021-11-09,148.22752380371094
2021-11-10,149.04776000976562
2021-11-11,149.87747192382812
2021-11-12,150.1168212890625
2021-11-15,149.69558715820312
2021-11-16,147.26382446289062
2021-11-17,145.47354125976562
2021-11-18,146.46922302246094
2021-11-19,144.8704071044922
2021-11-22,146.67984008789062
2021-11-23,149.62855529785156
2021-11-24,149.21690368652344
2021-11-26,142.80245971679688
2021-11-29,140.753662109375
2021-11-30,134.540283203125
2021-12-01,132.47235107421875
2021-12-02,137.2496795654297
2021-12-03,135.8518829345703
2021-12-06,139.71969604492188
2021-12-07,142.24717712402344
2021-12-08,142.46737670898438
2021-12-09,142.81199645996094
2021-12-10,143.99917602539062
2021-12-13,139.81544494628906
2021-12-14,141.6153106689453
2021-12-15,141.10789489746094
2021-12-16,141.7110595703125
2021-12-17,137.93898010253906
2021-12-20,132.45321655273438
2021-12-21,137.3932647705078
2021-12-22,137.60386657714844
2021-12-23,138.91549682617188
2021-12-27,139.67181396484375
2021-12-28,139.9686279296875
2021-12-29,139.38461303710938
2021-12-30,139.2888946533203
2021-12-31,138.9059295654297
2022-01-03,142.01739501953125
2022-01-04,144.70761108398438
2022-01-05,141.9407958984375
2022-01-06,144.30552673339844
2022-01-07,148.09674072265625
2022-01-10,150.451904296875
2022-01-11,151.75392150878906
2022-01-12,152.02198791503906
2022-01-13,154.49203491210938
2022-01-14,153.716552734375
2022-01-18,150.3848876953125
2022-01-19,145.1480255126953
2022-01-20,143.86514282226562
2022-01-21,140.2749786376953
2022-01-24,141.9791259765625
2022-01-25,145.67457580566406
2022-01-26,138.72401428222656
2022-01-27,135.64125061035156
2022-01-28,136.5411834716797
2022-01-31,140.47604370117188
2022-02-01,144.07579040527344
2022-02-02,143.2428436279297
2022-02-03,141.96951293945312
2022-02-04,143.94174194335938
2022-02-07,145.6841583251953
2022-02-08,149.33177185058594
2022-02-09,152.06985473632812
2022-02-10,150.79656982421875
2022-02-11,149.92201232910156
2022-02-14,149.0955352783203
2022-02-15,152.69940185546875
2022-02-16,152.67059326171875
2022-02-17,148.3459014892578
2022-02-18,147.96148681640625
2022-02-22,146.9716033935547
2022-02-23,143.6464080810547
2022-02-24,142.01268005371094
2022-02-25,147.6059112548828
2022-02-28,147.29837036132812
2022-03-01,135.19888305664062
2022-03-02,135.69862365722656
2022-03-03,133.12306213378906
2022-03-04,128.8944854736328
2022-03-07,119.93760681152344
2022-03-08,121.16773986816406
2022-03-09,126.77059173583984
2022-03-10,125.18487548828125
2022-03-11,125.02149200439453
2022-03-14,128.46200561523438
2022-03-15,129.03866577148438
2022-03-16,132.46954345703125
2022-03-17,132.19085693359375
2022-03-18,132.8251190185547
2022-03-21,129.2020263671875
2022-03-22,132.78668212890625
2022-03-23,128.76954650878906
2022-03-24,129.80746459960938
2022-03-25,130.58592224121094
2022-03-28,128.05838012695312
2022-03-29,130.40333557128906
2022-03-30,129.23085021972656
2022-03-31,126.17475128173828
2022-04-01,125.79032897949219
2022-04-04,126.53995513916016
2022-04-05,125.3386459350586
2022-04-06,124.24304962158203
2022-04-07,124.27189636230469
2022-04-08,126.62642669677734
2022-04-11,126.11707305908203
2022-04-12,127.078125
2022-04-13,127.45291900634766
2022-04-14,127.42410278320312
2022-04-18,132.6040802001953
2022-04-19,136.07342529296875
2022-04-20,136.32333374023438
2022-04-21,134.5261688232422
2022-04-22,130.00926208496094
2022-04-25,131.143310546875
2022-04-26,127.078125
2022-04-27,119.50513458251953
2022-04-28,124.33917236328125
2022-04-29,119.7646255493164
2022-05-02,121.70591735839844
2022-05-03,123.6375961303711
2022-05-04,129.0674591064453
2022-05-05,125.25213623046875
2022-05-06,122.09033966064453
2022-05-09,118.41917419433594
2022-05-10,116.31449127197266
2022-05-11,114.93059539794922
2022-05-12,109.70254516601562
2022-05-13,112.51394653320312
2022-05-16,110.10832977294922
2022-05-17,116.33010864257812
2022-05-18,110.51408386230469
2022-05-19,109.48999786376953
2022-05-20,109.84746551513672
2022-05-23,114.77466583251953
2022-05-24,112.87141418457031
2022-05-25,116.14654541015625
2022-05-26,120.19457244873047
2022-05-27,122.17510986328125
2022-05-31,123.52767181396484
2022-06-01,120.72593688964844
2022-06-02,122.0881576538086
2022-06-03,119.8467788696289
2022-06-06,121.42154693603516
2022-06-07,123.88513946533203
2022-06-08,120.92882537841797
2022-06-09,115.29635620117188
2022-06-10,108.76541137695312
2022-06-13,103.38414764404297
2022-06-14,102.96871948242188
2022-06-15,104.50483703613281
2022-06-16,98.6501693725586
2022-06-17,103.62567901611328
2022-06-21,102.85277557373047
2022-06-22,102.0509033203125
2022-06-23,100.67901611328125
2022-06-24,106.35977935791016
2022-06-27,105.88639831542969
2022-06-28,104.84297180175781
2022-06-29,102.03158569335938
2022-06-30,100.65969848632812
2022-07-01,103.2005844116211
2022-07-05,103.04600524902344
2022-07-06,102.44701385498047
2022-07-07,105.15213775634766
2022-07-08,104.92992401123047
2022-07-11,103.53872680664062
2022-07-12,103.41312408447266
2022-07-13,101.95428466796875
2022-07-14,99.94476318359375
2022-07-15,104.48551177978516
2022-07-18,106.74623107910156
2022-07-19,109.19050598144531
2022-07-20,110.87155151367188
2022-07-21,110.39813995361328
2022-07-22,105.23908233642578
2022-07-25,107.17131805419922
2022-07-26,102.75616455078125
2022-07-27,105.24874877929688
2022-07-28,104.06041717529297
2022-07-29,106.10858917236328
2022-08-01,106.0119857788086
2022-08-02,103.31651306152344
2022-08-03,105.36468505859375
2022-08-04,103.26820373535156
2022-08-05,103.30708312988281
2022-08-08,104.75470733642578
2022-08-09,103.35565948486328
2022-08-10,109.53482818603516
2022-08-11,111.99290466308594
2022-08-12,112.44954681396484
2022-08-15,110.4286880493164
2022-08-16,112.17750549316406
2022-08-17,110.3801040649414
2022-08-18,110.61327362060547
2022-08-19,109.01990509033203
2022-08-22,105.90116119384766
2022-08-23,106.68814086914062
2022-08-24,107.22250366210938
2022-08-25,110.4286880493164
2022-08-26,106.6978530883789
2022-08-29,104.15234375
2022-08-30,103.79285430908203
2022-08-31,102.81156921386719
2022-09-01,101.83028411865234
2022-09-02,101.25706481933594
2022-09-06,99.26534271240234
2022-09-07,101.90801239013672
2022-09-08,103.41394805908203
2022-09-09,105.24049377441406
2022-09-12,106.66871643066406
2022-09-13,98.16746520996094
2022-09-14,97.7885513305664
2022-09-15,99.84828186035156
2022-09-16,98.78927612304688
2022-09-19,99.5665283203125
2022-09-20,98.48809051513672
2022-09-21,96.66152954101562
2022-09-22,92.75581359863281
2022-09-23,91.11386108398438
2022-09-26,88.70437622070312
2022-09-27,88.79180908203125
2022-09-28,92.33804321289062
2022-09-29,91.01670837402344
2022-09-30,89.54963684082031
2022-10-03,92.85297393798828
2022-10-04,97.03073120117188
2022-10-05,96.1271743774414
2022-10-06,93.98001098632812
2022-10-07,91.20130920410156
2022-10-10,90.40463256835938
2022-10-11,91.09442901611328
2022-10-12,90.83210754394531
2022-10-13,95.03901672363281
2022-10-14,92.6781005859375
2022-10-17,94.69896697998047
2022-10-18,96.7586898803711
2022-10-19,92.52264404296875
2022-10-20,92.27975463867188
2022-10-21,93.5136489868164
2022-10-24,94.7863998413086
2022-10-25,98.69212341308594
2022-10-26,99.02244567871094
2022-10-27,99.22647094726562
2022-10-28,104.05516815185547
2022-10-31,103.00588989257812
2022-11-01,103.77342224121094
2022-11-02,100.27577209472656
2022-11-03,96.01058197021484
2022-11-04,99.61510467529297
2022-11-07,101.76227569580078
2022-11-08,102.5395278930664
2022-11-09,98.58524322509766
2022-11-10,110.85098266601562
2022-11-11,113.61688232421875
2022-11-14,109.04287719726562
2022-11-15,101.21431732177734
2022-11-16,99.45508575439453
2022-11-17,97.18763732910156
2022-11-18,96.718505859375
2022-11-21,99.01527404785156
2022-11-22,99.24984741210938
2022-11-23,99.3280258178711
2022-11-25,99.4159927368164
2022-11-28,97.324462890625
2022-11-29,99.76782989501953
2022-11-30,100.90155029296875
2022-12-01,97.07035064697266
2022-12-02,95.4772720336914
2022-12-05,92.86774444580078
2022-12-06,91.9001693725586
2022-12-07,91.1182861328125
2022-12-08,91.46036529541016
2022-12-09,92.27156829833984
2022-12-12,95.31110382080078
2022-12-13,96.62076568603516
2022-12-14,94.41195678710938
2022-12-15,91.7242431640625
2022-12-16,88.0591812133789
2022-12-19,85.87969970703125
2022-12-20,86.3879165649414
2022-12-21,87.68779754638672
2022-12-22,87.46300506591797
2022-12-23,88.63582611083984
2022-12-27,88.69446563720703
2022-12-28,87.66824340820312
2022-12-29,90.57097625732422
2022-12-30,90.85440826416016
2023-01-03,90.86418914794922
2023-01-04,93.63008117675781
2023-01-05,91.85131072998047
2023-01-06,94.8713150024414
2023-01-09,95.2426986694336
2023-01-10,96.2689208984375
2023-01-11,99.48440551757812
2023-01-12,98.73184204101562
2023-01-13,100.52039337158203
2023-01-17,101.28272247314453
2023-01-18,99.59191131591797
2023-01-19,95.69229125976562
2023-01-20,101.82026672363281
2023-01-23,104.69368743896484
2023-01-24,104.09749603271484
2023-01-25,113.46049499511719
2023-01-26,113.44095611572266
2023-01-27,114.91675567626953
2023-01-30,112.39518737792969
2023-01-31,116.3045883178711
2023-02-01,113.695068359375
2023-02-02,119.06071472167969
2023-02-03,119.27679443359375
2023-02-06,115.54448699951172
2023-02-07,117.96066284179688
2023-02-08,115.13196563720703
2023-02-09,113.54082489013672
2023-02-10,113.33456420898438
2023-02-13,115.27930450439453
2023-02-14,113.29527282714844
2023-02-15,112.58810424804688
2023-02-16,109.56297302246094
2023-02-17,109.18973541259766
2023-02-21,106.2235336303711
2023-02-22,106.65568542480469
2023-02-23,107.5593032836914
2023-02-24,107.68698120117188
2023-02-27,107.08786010742188
2023-02-28,107.136962890625
2023-03-01,106.64586639404297
2023-03-02,106.2628173828125
2023-03-03,107.82449340820312
2023-03-06,106.56729125976562
2023-03-07,103.63056182861328
2023-03-08,103.07071685791016
2023-03-09,99.14196014404297
2023-03-10,96.44094848632812
2023-03-13,91.65769958496094
2023-03-14,94.35871124267578
2023-03-15,91.27464294433594
2023-03-16,91.89341735839844
2023-03-17,88.11200714111328
2023-03-20,88.63256072998047
2023-03-21,92.8756103515625
2023-03-22,89.38884735107422
2023-03-23,88.30844116210938
2023-03-24,88.83882141113281
2023-03-27,90.11566162109375
2023-03-28,89.49688720703125
2023-03-29,92.44344329833984
2023-03-30,92.50238037109375
2023-03-31,94.44711303710938
2023-04-03,94.60426330566406
2023-04-04,94.90872955322266
2023-04-05,93.15061950683594
2023-04-06,93.239013671875
2023-04-10,93.52385711669922
2023-04-11,96.67667388916016
2023-04-12,93.98548126220703
2023-04-13,94.1720962524414
2023-04-14,94.85962677001953
2023-04-17,96.08735656738281
2023-04-18,95.81234741210938
2023-04-19,97.53117370605469
2023-04-20,95.53733825683594
2023-04-21,94.86943817138672
2023-04-24,94.6239013671875
2023-04-25,93.25865936279297
2023-04-26,92.73809814453125
2023-04-27,94.2801284790039
2023-04-28,95.56680297851562
2023-05-01,91.51036071777344
2023-05-02,87.9548568725586
2023-05-03,86.46192169189453
2023-05-04,84.10466766357422
2023-05-05,86.4422836303711
2023-05-08,87.4833984375
2023-05-09,87.42446899414062
2023-05-10,85.48956298828125
2023-05-11,85.86279296875
2023-05-12,85.3880844116211
2023-05-15,88.13743591308594
2023-05-16,89.94725036621094
2023-05-17,93.64602661132812
2023-05-18,98.13597106933594
2023-05-19,96.85030364990234
2023-05-22,98.3535385131836
2023-05-23,101.0435562133789
2023-05-24,98.39310455322266
2023-05-25,98.818359375
2023-05-26,101.71605682373047
2023-05-30,103.55554962158203
2023-05-31,103.0610580444336
2023-06-01,105.06867980957031
2023-06-02,109.2718276977539
2023-06-05,107.79825592041016
2023-06-06,110.78495025634766
2023-06-07,112.28820037841797
2023-06-08,110.39925384521484
2023-06-09,110.26079559326172
2023-06-12,110.59705352783203
2023-06-13,112.39698791503906
2023-06-14,111.09154510498047
2023-06-15,110.4190444946289
2023-06-16,108.85646057128906
2023-06-20,107.91693115234375
2023-06-21,107.08618927001953
2023-06-22,105.7313003540039
2023-06-23,105.42471313476562
2023-06-26,105.04891204833984
2023-06-27,107.50155639648438
2023-06-28,108.05538177490234
2023-06-29,108.05538177490234
2023-06-30,108.16417694091797
2023-07-03,109.82565307617188
2023-07-05,107.91693115234375
2023-07-06,106.07743835449219
2023-07-07,106.84883880615234
2023-07-10,108.2432861328125
2023-07-11,110.96297454833984
2023-07-12,111.49701690673828
2023-07-13,112.921142578125
2023-07-14,110.32014465332031
2023-07-17,112.17941284179688
2023-07-18,114.7903060913086
2023-07-19,116.65946960449219
2023-07-20,113.72221374511719
2023-07-21,114.29581451416016
2023-07-24,115.92762756347656
2023-07-25,113.24750518798828
2023-07-26,112.7826919555664
2023-07-27,112.76290130615234
2023-07-28,113.58375549316406
2023-07-31,115.72982788085938
2023-08-01,115.19578552246094
2023-08-02,112.00139617919922
2023-08-03,111.67503356933594
2023-08-04,112.72895050048828
2023-08-07,114.60809326171875
2023-08-08,113.93199920654297
2023-08-09,111.16796112060547
2023-08-10,109.90525817871094
2023-08-11,109.74617767333984
2023-08-14,108.53318786621094
2023-08-15,106.29610443115234
2023-08-16,104.3175277709961
2023-08-17,104.46666717529297
2023-08-18,104.43684387207031
2023-08-21,103.79057312011719
2023-08-22,99.72406005859375
2023-08-23,101.03648376464844
2023-08-24,100.89728546142578
2023-08-25,100.2708969116211
2023-08-28,101.00664520263672
2023-08-29,102.92556762695312
2023-08-30,101.97107696533203
2023-08-31,101.80205535888672
2023-09-01,102.90568542480469
2023-09-05,101.1557846069336
2023-09-06,100.87739562988281
2023-09-07,99.34623718261719
2023-09-08,99.34623718261719
2023-09-11,99.45560455322266
2023-09-12,100.46975708007812
2023-09-13,99.76382446289062
2023-09-14,101.67280578613281
2023-09-15,103.86016845703125
2023-09-18,101.990966796875
2023-09-19,101.1060791015625
2023-09-20,99.98255920410156
2023-09-21,98.36192321777344
2023-09-22,97.7057113647461
2023-09-25,97.31795501708984
2023-09-26,96.54243469238281
2023-09-27,94.9416732788086
2023-09-28,96.45294952392578
2023-09-29,96.49272155761719
2023-10-02,94.57380676269531
2023-10-03,92.51569366455078
2023-10-04,92.07821655273438
2023-10-05,91.58108520507812
2023-10-06,93.00287628173828
2023-10-09,93.78833770751953
2023-10-10,96.42312622070312
2023-10-11,96.56232452392578
2023-10-12,96.35353088378906
2023-10-13,94.6533432006836
2023-10-16,96.59214782714844
2023-10-17,97.47703552246094
2023-10-18,95.379150390625
2023-10-19,92.16769409179688
2023-10-20,89.71188354492188
2023-10-23,89.86101531982422
2023-10-24,88.68778991699219
2023-10-25,88.45912170410156
2023-10-26,88.99601745605469
2023-10-27,97.17875671386719
2023-10-30,99.96268463134766
2023-10-31,100.7083740234375
2023-11-01,99.69422912597656
2023-11-02,104.04907989501953
2023-11-03,105.70948791503906
2023-11-06,104.844482421875
2023-11-07,104.40701293945312
2023-11-08,104.47661590576172
2023-11-09,103.88999938964844
2023-11-10,104.58000183105469
2023-11-13,104.37000274658203
2023-11-14,107.01000213623047
2023-11-15,106.0
2023-11-16,105.01000213623047
2023-11-17,107.68000030517578
2023-11-20,107.1500015258789
2023-11-21,105.77999877929688
2023-11-22,106.7699966430664
2023-11-24,106.56999969482422
2023-11-27,106.18000030517578
2023-11-28,108.58000183105469
2023-11-29,110.12999725341797
2023-11-30,111.66000366210938
2023-12-01,113.93000030517578
2023-12-04,114.94000244140625
2023-12-05,115.31999969482422
2023-12-06,113.7699966430664
2023-12-07,115.37999725341797
2023-12-08,118.08999633789062
2023-12-11,118.80999755859375
2023-12-12,120.29000091552734
2023-12-13,125.08999633789062
2023-12-14,129.1999969482422
2023-12-15,129.67999267578125
2023-12-18,129.97999572753906
2023-12-19,131.52000427246094
2023-12-20,127.7300033569336
2023-12-21,129.63999938964844
2023-12-22,129.74000549316406
2023-12-26,130.72999572753906
2023-12-27,131.14999389648438
2023-12-28,132.02000427246094
2023-12-29,131.1199951171875
2024-01-02,132.11000061035156
2024-01-03,130.72000122070312
2024-01-04,129.77000427246094
2024-01-05,132.4199981689453
