Date,Adj Close
2007-03-19,181.0
2007-03-20,180.0
2007-03-21,174.5
2007-03-22,173.5
2007-03-23,176.5
2007-03-26,179.5
2007-03-27,176.5
2007-03-28,174.5
2007-03-29,177.0
2007-03-30,174.0
2007-04-02,172.5
2007-04-03,174.0
2007-04-04,171.0
2007-04-05,178.0
2007-04-09,183.5
2007-04-10,211.0
2007-04-11,196.5
2007-04-12,210.0
2007-04-13,235.0
2007-04-16,215.5
2007-04-17,212.0
2007-04-18,199.5
2007-04-19,189.5
2007-04-20,205.0
2007-04-23,199.5
2007-04-24,192.0
2007-04-25,196.0
2007-04-26,192.0
2007-04-27,190.0
2007-04-30,186.0
2007-05-01,179.5
2007-05-02,183.5
2007-05-03,192.5
2007-05-04,189.0
2007-05-07,185.0
2007-05-08,176.0
2007-05-09,177.0
2007-05-10,164.5
2007-05-11,150.5
2007-05-14,123.5
2007-05-15,139.5
2007-05-16,141.5
2007-05-17,147.5
2007-05-18,167.0
2007-05-21,167.0
2007-05-22,157.5
2007-05-23,153.0
2007-05-24,145.0
2007-05-25,148.5
2007-05-29,142.5
2007-05-30,140.0
2007-05-31,149.5
2007-06-01,151.0
2007-06-04,155.0
2007-06-05,152.5
2007-06-06,143.0
2007-06-07,145.5
2007-06-08,144.5
2007-06-11,142.5
2007-06-12,138.0
2007-06-13,128.0
2007-06-14,130.0
2007-06-15,141.5
2007-06-18,141.5
2007-06-19,140.0
2007-06-20,136.5
2007-06-21,136.0
2007-06-22,136.5
2007-06-25,129.0
2007-06-26,123.5
2007-06-27,117.5
2007-06-28,117.5
2007-06-29,126.0
2007-07-02,126.0
2007-07-03,139.5
2007-07-05,139.5
2007-07-06,142.5
2007-07-09,145.0
2007-07-10,142.0
2007-07-11,128.5
2007-07-12,137.0
2007-07-13,141.5
2007-07-16,134.5
2007-07-17,131.5
2007-07-18,121.5
2007-07-19,125.5
2007-07-20,123.5
2007-07-23,119.5
2007-07-24,121.0
2007-07-25,115.0
2007-07-26,104.0
2007-07-27,107.5
2007-07-30,110.5
2007-07-31,114.5
2007-08-01,107.5
2007-08-02,103.5
2007-08-03,95.5
2007-08-06,95.5
2007-08-07,89.0
2007-08-08,97.5
2007-08-09,89.0
2007-08-10,84.0
2007-08-13,81.5
2007-08-14,74.5
2007-08-15,58.5
2007-08-16,59.5
2007-08-17,64.0
2007-08-20,75.0
2007-08-21,74.0
2007-08-22,76.5
2007-08-23,86.0
2007-08-24,92.0
2007-08-27,94.5
2007-08-28,78.5
2007-08-29,84.0
2007-08-30,79.5
2007-08-31,84.0
2007-09-04,85.0
2007-09-05,87.0
2007-09-06,88.0
2007-09-07,86.5
2007-09-10,85.5
2007-09-11,87.5
2007-09-12,88.0
2007-09-13,89.5
2007-09-14,87.5
2007-09-17,85.5
2007-09-18,86.5
2007-09-19,88.5
2007-09-20,85.0
2007-09-21,84.0
2007-09-24,92.0
2007-09-25,84.5
2007-09-26,84.0
2007-09-27,86.0
2007-09-28,85.0
2007-10-01,87.5
2007-10-02,83.0
2007-10-03,82.0
2007-10-04,82.5
2007-10-05,82.0
2007-10-08,82.0
2007-10-09,81.5
2007-10-10,87.5
2007-10-11,87.0
2007-10-12,84.0
2007-10-15,100.0
2007-10-16,98.5
2007-10-17,96.5
2007-10-18,93.5
2007-10-19,95.5
2007-10-22,89.5
2007-10-23,90.5
2007-10-24,86.5
2007-10-25,86.5
2007-10-26,92.5
2007-10-29,98.0
2007-10-30,99.5
2007-10-31,98.5
2007-11-01,105.0
2007-11-02,125.0
2007-11-05,125.5
2007-11-06,125.5
2007-11-07,118.0
2007-11-08,105.0
2007-11-09,102.0
2007-11-12,92.0
2007-11-13,92.5
2007-11-14,96.5
2007-11-15,89.0
2007-11-16,94.0
2007-11-19,88.5
2007-11-20,84.0
2007-11-21,76.0
2007-11-23,79.0
2007-11-26,79.0
2007-11-27,67.5
2007-11-28,68.0
2007-11-29,69.0
2007-11-30,80.0
2007-12-03,74.5
2007-12-04,63.5
2007-12-05,65.5
2007-12-06,63.0
2007-12-07,63.0
2007-12-10,66.0
2007-12-11,63.5
2007-12-12,62.0
2007-12-13,61.0
2007-12-14,60.5
2007-12-17,59.0
2007-12-18,56.5
2007-12-19,57.5
2007-12-20,71.0
2007-12-21,78.5
2007-12-24,79.0
2007-12-26,79.0
2007-12-27,73.0
2007-12-28,75.0
2007-12-31,73.0
2008-01-02,73.5
2008-01-03,80.5
2008-01-04,75.0
2008-01-07,68.5
2008-01-08,71.0
2008-01-09,66.0
2008-01-10,70.0
2008-01-11,68.5
2008-01-14,68.5
2008-01-15,61.5
2008-01-16,60.0
2008-01-17,57.5
2008-01-18,58.0
2008-01-22,50.0
2008-01-23,49.0
2008-01-24,53.5
2008-01-25,53.5
2008-01-28,50.0
2008-01-29,52.0
2008-01-30,49.0
2008-01-31,51.0
2008-02-01,53.5
2008-02-04,50.5
2008-02-05,43.5
2008-02-06,42.0
2008-02-07,44.5
2008-02-08,44.5
2008-02-11,48.0
2008-02-12,49.5
2008-02-13,46.5
2008-02-14,59.5
2008-02-15,59.0
2008-02-19,63.5
2008-02-20,61.5
2008-02-21,65.0
2008-02-22,66.0
2008-02-25,68.5
2008-02-26,70.0
2008-02-27,79.0
2008-02-28,89.0
2008-02-29,86.5
2008-03-03,77.0
2008-03-04,69.0
2008-03-05,76.5
2008-03-06,75.5
2008-03-07,73.0
2008-03-10,66.5
2008-03-11,65.0
2008-03-12,84.0
2008-03-13,86.0
2008-03-14,84.0
2008-03-17,82.0
2008-03-18,79.0
2008-03-19,75.0
2008-03-20,74.5
2008-03-24,69.5
2008-03-25,69.5
2008-03-26,69.5
2008-03-27,69.5
2008-03-28,65.5
2008-03-31,60.0
2008-04-01,58.5
2008-04-02,59.5
2008-04-03,62.5
2008-04-04,64.5
2008-04-07,64.5
2008-04-08,67.5
2008-04-09,63.5
2008-04-10,66.0
2008-04-11,63.0
2008-04-14,64.0
2008-04-15,65.0
2008-04-16,60.5
2008-04-17,65.0
2008-04-18,65.0
2008-04-21,65.0
2008-04-22,65.0
2008-04-23,63.5
2008-04-24,60.0
2008-04-25,59.5
2008-04-28,55.0
2008-04-29,57.5
2008-04-30,56.0
2008-05-01,54.0
2008-05-02,53.5
2008-05-05,54.5
2008-05-06,54.5
2008-05-07,55.0
2008-05-08,61.0
2008-05-09,61.0
2008-05-12,56.0
2008-05-13,56.5
2008-05-14,52.5
2008-05-15,54.5
2008-05-16,55.5
2008-05-19,55.5
2008-05-20,59.0
2008-05-21,60.0
2008-05-22,62.0
2008-05-23,61.5
2008-05-27,60.0
2008-05-28,56.0
2008-05-29,60.5
2008-05-30,59.5
2008-06-02,55.5
2008-06-03,55.5
2008-06-04,54.5
2008-06-05,52.0
2008-06-06,50.5
2008-06-09,52.0
2008-06-10,48.5
2008-06-11,49.0
2008-06-12,49.5
2008-06-13,49.5
2008-06-16,49.5
2008-06-17,52.0
2008-06-18,49.5
2008-06-19,48.5
2008-06-20,46.5
2008-06-23,46.5
2008-06-24,52.5
2008-06-25,50.0
2008-06-26,47.5
2008-06-27,46.5
2008-06-30,48.0
2008-07-01,48.0
2008-07-02,51.0
2008-07-03,46.5
2008-07-07,46.5
2008-07-08,42.0
2008-07-09,42.0
2008-07-10,43.5
2008-07-11,39.5
2008-07-14,41.5
2008-07-15,40.0
2008-07-16,40.0
2008-07-17,40.0
2008-07-18,40.0
2008-07-21,39.5
2008-07-22,40.0
2008-07-23,38.5
2008-07-24,38.0
2008-07-25,38.0
2008-07-28,39.5
2008-07-29,38.5
2008-07-30,37.5
2008-07-31,39.0
2008-08-01,37.0
2008-08-04,37.0
2008-08-05,35.0
2008-08-06,33.5
2008-08-07,32.0
2008-08-08,32.0
2008-08-11,27.0
2008-08-12,25.0
2008-08-13,27.5
2008-08-14,28.5
2008-08-15,26.0
2008-08-18,26.0
2008-08-19,31.5
2008-08-20,26.0
2008-08-21,31.5
2008-08-22,31.5
2008-08-25,28.0
2008-08-26,29.0
2008-08-27,30.0
2008-08-28,31.5
2008-08-29,30.5
2008-09-02,29.0
2008-09-03,27.0
2008-09-04,26.0
2008-09-05,24.5
2008-09-08,25.5
2008-09-09,23.0
2008-09-10,22.5
2008-09-11,20.5
2008-09-12,31.0
2008-09-15,27.0
2008-09-16,26.0
2008-09-17,28.0
2008-09-18,28.0
2008-09-19,28.0
2008-09-22,30.5
2008-09-23,32.5
2008-09-24,30.5
2008-09-25,30.5
2008-09-26,28.5
2008-09-29,23.5
2008-09-30,23.0
2008-10-01,23.0
2008-10-02,19.0
2008-10-03,16.5
2008-10-06,12.5
2008-10-07,12.5
2008-10-08,10.5
2008-10-09,11.5
2008-10-10,13.0
2008-10-13,13.0
2008-10-14,14.0
2008-10-15,12.0
2008-10-16,11.0
2008-10-17,11.5
2008-10-20,10.5
2008-10-21,10.5
2008-10-22,10.0
2008-10-23,8.0
2008-10-24,8.0
2008-10-27,8.0
2008-10-28,8.0
2008-10-29,9.0
2008-10-30,9.0
2008-10-31,9.5
2008-11-03,10.0
2008-11-04,10.0
2008-11-05,10.0
2008-11-06,10.0
2008-11-07,10.0
2008-11-10,10.0
2008-11-11,10.0
2008-11-12,9.0
2008-11-13,8.5
2008-11-14,9.5
2008-11-17,8.0
2008-11-18,7.5
2008-11-19,7.0
2008-11-20,7.5
2008-11-21,6.0
2008-11-24,6.5
2008-11-25,6.0
2008-11-26,5.5
2008-11-28,5.5
2008-12-01,5.0
2008-12-02,5.0
2008-12-03,4.5
2008-12-04,5.5
2008-12-05,7.0
2008-12-08,7.0
2008-12-09,5.5
2008-12-10,5.5
2008-12-11,6.5
2008-12-12,5.5
2008-12-15,5.0
2008-12-16,5.0
2008-12-17,5.0
2008-12-18,5.5
2008-12-19,7.0
2008-12-22,6.0
2008-12-23,6.0
2008-12-24,7.0
2008-12-26,7.0
2008-12-29,7.0
2008-12-30,7.5
2008-12-31,8.5
2009-01-02,12.0
2009-01-05,17.0
2009-01-06,18.0
2009-01-07,18.0
2009-01-08,13.5
2009-01-09,13.5
2009-01-12,14.0
2009-01-13,12.5
2009-01-14,11.5
2009-01-15,11.5
2009-01-16,11.5
2009-01-20,11.0
2009-01-21,11.5
2009-01-22,11.5
2009-01-23,11.5
2009-01-26,14.0
2009-01-27,10.5
2009-01-28,11.5
2009-01-29,11.5
2009-01-30,11.5
2009-02-02,11.5
2009-02-03,11.5
2009-02-04,11.0
2009-02-05,11.0
2009-02-06,11.0
2009-02-09,11.5
2009-02-10,12.0
2009-02-11,12.0
2009-02-12,12.0
2009-02-13,12.0
2009-02-17,9.5
2009-02-18,9.5
2009-02-19,10.0
2009-02-20,10.0
2009-02-23,9.5
2009-02-24,10.0
2009-02-25,10.0
2009-02-26,10.0
2009-02-27,8.5
2009-03-02,7.5
2009-03-03,7.0
2009-03-04,7.0
2009-03-05,7.5
2009-03-06,6.5
2009-03-09,6.5
2009-03-10,6.5
2009-03-11,6.5
2009-03-12,6.5
2009-03-13,6.5
2009-03-16,7.0
2009-03-17,8.0
2009-03-18,8.0
2009-03-19,8.0
2009-03-20,8.0
2009-03-23,8.0
2009-03-24,8.5
2009-03-25,8.5
2009-03-26,8.0
2009-03-27,8.0
2009-03-30,7.5
2009-03-31,8.5
2009-04-01,8.5
2009-04-02,10.0
2009-04-03,10.0
2009-04-06,12.5
2009-04-07,12.5
2009-04-08,12.5
2009-04-09,11.5
2009-04-13,11.5
2009-04-14,11.0
2009-04-15,11.0
2009-04-16,11.0
2009-04-17,11.0
2009-04-20,11.0
2009-04-21,11.0
2009-04-22,10.5
2009-04-23,10.5
2009-04-24,12.5
2009-04-27,15.0
2009-04-28,16.0
2009-04-29,18.5
2009-04-30,16.5
2009-05-01,18.0
2009-05-04,18.0
2009-05-05,18.0
2009-05-06,19.0
2009-05-07,19.5
2009-05-08,23.0
2009-05-11,23.5
2009-05-12,23.5
2009-05-13,19.0
2009-05-14,18.5
2009-05-15,19.5
2009-05-18,19.5
2009-05-19,18.5
2009-05-20,19.5
2009-05-21,18.5
2009-05-22,18.5
2009-05-26,16.5
2009-05-27,16.5
2009-05-28,16.5
2009-05-29,18.5
2009-06-01,19.0
2009-06-02,18.5
2009-06-03,18.5
2009-06-04,18.5
2009-06-05,17.0
2009-06-08,18.0
2009-06-09,17.5
2009-06-10,17.5
2009-06-11,17.5
2009-06-12,18.0
2009-06-15,16.5
2009-06-16,16.5
2009-06-17,17.0
2009-06-18,16.0
2009-06-19,16.5
2009-06-22,14.5
2009-06-23,14.5
2009-06-24,14.5
2009-06-25,14.0
2009-06-26,14.0
2009-06-29,13.5
2009-06-30,14.5
2009-07-01,14.5
2009-07-02,14.5
2009-07-06,15.0
2009-07-07,15.0
2009-07-08,13.5
2009-07-09,12.5
2009-07-10,12.5
2009-07-13,13.5
2009-07-14,13.0
2009-07-15,13.5
2009-07-16,15.0
2009-07-17,15.5
2009-07-20,16.5
2009-07-21,16.0
2009-07-22,15.0
2009-07-23,15.5
2009-07-24,15.0
2009-07-27,15.0
2009-07-28,14.5
2009-07-29,13.0
2009-07-30,13.5
2009-07-31,14.0
2009-08-03,14.0
2009-08-04,14.5
2009-08-05,14.0
2009-08-06,14.0
2009-08-07,14.0
2009-08-10,13.5
2009-08-11,12.5
2009-08-12,12.5
2009-08-13,14.5
2009-08-14,17.0
2009-08-17,13.0
2009-08-18,14.5
2009-08-19,16.0
2009-08-20,15.0
2009-08-21,15.0
2009-08-24,15.5
2009-08-25,13.5
2009-08-26,15.0
2009-08-27,14.0
2009-08-28,13.5
2009-08-31,13.0
2009-09-01,14.5
2009-09-02,13.0
2009-09-03,13.5
2009-09-04,13.5
2009-09-08,14.0
2009-09-09,13.5
2009-09-10,13.5
2009-09-11,13.5
2009-09-14,13.5
2009-09-15,14.0
2009-09-16,15.5
2009-09-17,16.0
2009-09-18,16.0
2009-09-21,14.5
2009-09-22,14.5
2009-09-23,14.5
2009-09-24,13.0
2009-09-25,13.0
2009-09-28,13.0
2009-09-29,14.0
2009-09-30,17.0
2009-10-01,14.5
2009-10-02,14.0
2009-10-05,14.0
2009-10-06,15.5
2009-10-07,14.0
2009-10-08,14.0
2009-10-09,14.5
2009-10-12,14.5
2009-10-13,15.0
2009-10-14,15.5
2009-10-15,15.0
2009-10-16,14.5
2009-10-19,16.0
2009-10-20,16.5
2009-10-21,17.0
2009-10-22,16.5
2009-10-23,16.0
2009-10-26,16.0
2009-10-27,15.0
2009-10-28,13.5
2009-10-29,15.0
2009-10-30,14.0
2009-11-02,13.5
2009-11-03,14.5
2009-11-04,14.5
2009-11-05,13.5
2009-11-06,13.5
2009-11-09,13.5
2009-11-10,13.5
2009-11-11,13.5
2009-11-12,15.0
2009-11-13,13.0
2009-11-16,13.5
2009-11-17,12.5
2009-11-18,12.5
2009-11-19,12.5
2009-11-20,12.5
2009-11-23,12.5
2009-11-24,13.0
2009-11-25,12.0
2009-11-27,12.0
2009-11-30,12.0
2009-12-01,11.5
2009-12-02,11.0
2009-12-03,11.5
2009-12-04,11.0
2009-12-07,12.5
2009-12-08,11.5
2009-12-09,12.5
2009-12-10,11.0
2009-12-11,11.0
2009-12-14,11.0
2009-12-15,12.0
2009-12-16,11.5
2009-12-17,11.5
2009-12-18,11.5
2009-12-21,12.5
2009-12-22,11.5
2009-12-23,11.5
2009-12-24,12.0
2009-12-28,12.0
2009-12-29,12.0
2009-12-30,11.0
2009-12-31,11.5
2010-01-04,11.5
2010-01-05,12.0
2010-01-06,14.0
2010-01-07,14.0
2010-01-08,14.0
2010-01-11,14.5
2010-01-12,12.5
2010-01-13,12.5
2010-01-14,12.5
2010-01-15,12.0
2010-01-19,12.5
2010-01-20,12.5
2010-01-21,11.0
2010-01-22,12.0
2010-01-25,12.0
2010-01-26,12.0
2010-01-27,11.0
2010-01-28,10.5
2010-01-29,11.0
2010-02-01,11.0
2010-02-02,11.0
2010-02-03,11.5
2010-02-04,10.0
2010-02-05,11.0
2010-02-08,11.0
2010-02-09,10.5
2010-02-10,11.0
2010-02-11,10.0
2010-02-12,10.0
2010-02-16,11.5
2010-02-17,11.5
2010-02-18,11.5
2010-02-19,11.0
2010-02-22,11.0
2010-02-23,11.0
2010-02-24,11.0
2010-02-25,10.5
2010-02-26,10.5
2010-03-01,10.5
2010-03-02,11.0
2010-03-03,11.0
2010-03-04,12.0
2010-03-05,11.5
2010-03-08,11.5
2010-03-09,11.0
2010-03-10,11.5
2010-03-11,11.5
2010-03-12,11.5
2010-03-15,11.0
2010-03-16,11.0
2010-03-17,11.0
2010-03-18,11.0
2010-03-19,11.0
2010-03-22,11.0
2010-03-23,11.5
2010-03-24,11.5
2010-03-25,11.5
2010-03-26,11.5
2010-03-29,11.5
2010-03-30,11.0
2010-03-31,11.0
2010-04-01,11.0
2010-04-05,11.0
2010-04-06,11.0
2010-04-07,11.0
2010-04-08,10.5
2010-04-09,11.0
2010-04-12,11.5
2010-04-13,10.5
2010-04-14,10.5
2010-04-15,11.0
2010-04-16,10.5
2010-04-19,10.5
2010-04-20,10.5
2010-04-21,10.5
2010-04-22,10.0
2010-04-23,10.5
2010-04-26,10.5
2010-04-27,10.5
2010-04-28,10.0
2010-04-29,10.0
2010-04-30,9.5
2010-05-03,9.5
2010-05-04,10.0
2010-05-05,10.0
2010-05-06,8.5
2010-05-07,8.0
2010-05-10,9.5
2010-05-11,9.5
2010-05-12,9.0
2010-05-13,9.0
2010-05-14,8.0
2010-05-17,9.0
2010-05-18,8.5
2010-05-19,8.0
2010-05-20,7.5
2010-05-21,8.0
2010-05-24,13.5
2010-05-25,7.0
2010-05-26,7.5
2010-05-27,8.0
2010-05-28,7.5
2010-06-01,7.5
2010-06-02,8.0
2010-06-03,8.0
2010-06-04,7.5
2010-06-07,7.5
2010-06-08,7.5
2010-06-09,8.0
2010-06-10,8.0
2010-06-11,8.0
2010-06-14,8.0
2010-06-15,8.5
2010-06-16,8.5
2010-06-17,8.5
2010-06-18,8.5
2010-06-21,8.5
2010-06-22,8.5
2010-06-23,8.5
2010-06-24,8.5
2010-06-25,7.0
2010-06-28,7.0
2010-06-29,6.5
2010-06-30,6.5
2010-07-01,6.5
2010-07-02,6.0
2010-07-06,6.0
2010-07-07,7.5
2010-07-08,7.5
2010-07-09,8.0
2010-07-12,8.5
2010-07-13,8.5
2010-07-14,8.5
2010-07-15,8.5
2010-07-16,8.5
2010-07-19,8.0
2010-07-20,7.5
2010-07-21,8.0
2010-07-22,8.0
2010-07-23,9.5
2010-07-26,11.0
2010-07-27,11.5
2010-07-28,12.0
2010-07-29,11.0
2010-07-30,11.0
2010-08-02,11.0
2010-08-03,13.0
2010-08-04,14.5
2010-08-05,14.5
2010-08-06,14.5
2010-08-09,14.5
2010-08-10,14.0
2010-08-11,12.5
2010-08-12,13.0
2010-08-13,13.5
2010-08-16,13.5
2010-08-17,13.5
2010-08-18,13.5
2010-08-19,13.5
2010-08-20,12.0
2010-08-23,12.5
2010-08-24,12.5
2010-08-25,11.5
2010-08-26,11.0
2010-08-27,11.0
2010-08-30,11.5
2010-08-31,11.0
2010-09-01,10.5
2010-09-02,10.5
2010-09-03,12.0
2010-09-07,11.5
2010-09-08,11.5
2010-09-09,11.5
2010-09-10,11.5
2010-09-13,14.0
2010-09-14,14.5
2010-09-15,13.5
2010-09-16,14.0
2010-09-17,13.5
2010-09-20,13.5
2010-09-21,13.5
2010-09-22,13.0
2010-09-23,12.5
2010-09-24,15.0
2010-09-27,15.5
2010-09-28,15.5
2010-09-29,16.5
2010-09-30,17.0
2010-10-01,18.5
2010-10-04,17.5
2010-10-05,15.5
2010-10-06,16.5
2010-10-07,15.5
2010-10-08,15.5
2010-10-11,15.5
2010-10-12,15.5
2010-10-13,20.0
2010-10-14,24.5
2010-10-15,30.0
2010-10-18,29.0
2010-10-19,24.0
2010-10-20,25.0
2010-10-21,24.5
2010-10-22,24.0
2010-10-25,31.5
2010-10-26,31.5
2010-10-27,31.0
2010-10-28,30.5
2010-10-29,30.0
2010-11-01,30.0
2010-11-02,29.0
2010-11-03,28.5
2010-11-04,31.5
2010-11-05,29.5
2010-11-08,35.0
2010-11-09,33.0
2010-11-10,35.0
2010-11-11,35.0
2010-11-12,34.0
2010-11-15,32.5
2010-11-16,29.5
2010-11-17,28.5
2010-11-18,30.5
2010-11-19,30.5
2010-11-22,30.0
2010-11-23,28.5
2010-11-24,30.0
2010-11-26,31.0
2010-11-29,29.5
2010-11-30,30.5
2010-12-01,32.0
2010-12-02,33.5
2010-12-03,35.0
2010-12-06,34.5
2010-12-07,36.0
2010-12-08,33.5
2010-12-09,32.5
2010-12-10,32.0
2010-12-13,30.5
2010-12-14,32.5
2010-12-15,31.5
2010-12-16,31.5
2010-12-17,32.5
2010-12-20,32.5
2010-12-21,33.0
2010-12-22,37.5
2010-12-23,38.0
2010-12-27,38.0
2010-12-28,38.0
2010-12-29,46.0
2010-12-30,43.0
2010-12-31,44.0
2011-01-03,44.0
2011-01-04,44.0
2011-01-05,53.0
2011-01-06,57.5
2011-01-07,52.5
2011-01-10,55.5
2011-01-11,54.5
2011-01-12,56.5
2011-01-13,56.5
2011-01-14,58.0
2011-01-18,69.0
2011-01-19,65.0
2011-01-20,62.0
2011-01-21,61.5
2011-01-24,60.5
2011-01-25,57.0
2011-01-26,55.0
2011-01-27,60.0
2011-01-28,57.5
2011-01-31,64.5
2011-02-01,66.0
2011-02-02,66.5
2011-02-03,70.5
2011-02-04,69.0
2011-02-07,74.5
2011-02-08,79.0
2011-02-09,70.5
2011-02-10,70.0
2011-02-11,71.0
2011-02-14,72.0
2011-02-15,72.0
2011-02-16,68.5
2011-02-17,63.0
2011-02-18,63.5
2011-02-22,56.5
2011-02-23,58.5
2011-02-24,59.5
2011-02-25,62.0
2011-02-28,58.5
2011-03-01,55.0
2011-03-02,53.0
2011-03-03,52.5
2011-03-04,50.5
2011-03-07,50.0
2011-03-08,47.5
2011-03-09,48.5
2011-03-10,43.5
2011-03-11,42.5
2011-03-14,30.5
2011-03-15,24.0
2011-03-16,23.5
2011-03-17,21.5
2011-03-18,24.0
2011-03-21,33.0
2011-03-22,30.5
2011-03-23,28.5
2011-03-24,29.5
2011-03-25,31.0
2011-03-28,29.5
2011-03-29,29.0
2011-03-30,27.5
2011-03-31,27.0
2011-04-01,26.5
2011-04-04,25.0
2011-04-05,28.0
2011-04-06,27.5
2011-04-07,28.5
2011-04-08,30.0
2011-04-11,29.5
2011-04-12,27.5
2011-04-13,29.0
2011-04-14,28.0
2011-04-15,28.0
2011-04-18,26.5
2011-04-19,28.0
2011-04-20,26.5
2011-04-21,26.0
2011-04-25,25.5
2011-04-26,25.5
2011-04-27,26.0
2011-04-28,25.5
2011-04-29,24.5
2011-05-02,24.0
2011-05-03,23.5
2011-05-04,23.0
2011-05-05,22.0
2011-05-06,22.5
2011-05-09,25.5
2011-05-10,23.5
2011-05-11,22.5
2011-05-12,21.0
2011-05-13,16.0
2011-05-16,20.0
2011-05-17,19.0
2011-05-18,21.0
2011-05-19,21.5
2011-05-20,21.0
2011-05-23,21.0
2011-05-24,21.0
2011-05-25,20.0
2011-05-26,20.5
2011-05-27,22.5
2011-05-31,21.5
2011-06-01,20.5
2011-06-02,20.0
2011-06-03,20.0
2011-06-06,20.0
2011-06-07,19.0
2011-06-08,18.5
2011-06-09,19.0
2011-06-10,19.0
2011-06-13,18.0
2011-06-14,17.0
2011-06-15,17.0
2011-06-16,17.0
2011-06-17,17.0
2011-06-20,18.5
2011-06-21,19.0
2011-06-22,19.5
2011-06-23,19.0
2011-06-24,17.5
2011-06-27,18.5
2011-06-28,18.0
2011-06-29,19.0
2011-06-30,18.5
2011-07-01,18.5
2011-07-05,21.0
2011-07-06,21.0
2011-07-07,20.5
2011-07-08,20.5
2011-07-11,20.0
2011-07-12,19.0
2011-07-13,20.0
2011-07-14,22.5
2011-07-15,21.5
2011-07-18,19.5
2011-07-19,20.5
2011-07-20,20.0
2011-07-21,20.0
2011-07-22,22.0
2011-07-25,20.5
2011-07-26,20.0
2011-07-27,19.0
2011-07-28,19.0
2011-07-29,19.0
2011-08-01,19.0
2011-08-02,19.5
2011-08-03,20.0
2011-08-04,18.0
2011-08-05,18.5
2011-08-08,16.0
2011-08-09,17.0
2011-08-10,16.0
2011-08-11,17.0
2011-08-12,17.0
2011-08-15,16.5
2011-08-16,15.5
2011-08-17,17.0
2011-08-18,15.5
2011-08-19,16.5
2011-08-22,15.5
2011-08-23,15.5
2011-08-24,16.0
2011-08-25,15.5
2011-08-26,15.5
2011-08-29,17.0
2011-08-30,16.5
2011-08-31,16.5
2011-09-01,16.0
2011-09-02,16.5
2011-09-06,15.5
2011-09-07,16.0
2011-09-08,15.5
2011-09-09,15.0
2011-09-12,14.5
2011-09-13,15.5
2011-09-14,15.5
2011-09-15,14.5
2011-09-16,15.5
2011-09-19,14.5
2011-09-20,13.5
2011-09-21,12.5
2011-09-22,11.5
2011-09-23,11.0
2011-09-26,12.5
2011-09-27,14.0
2011-09-28,13.5
2011-09-29,12.5
2011-09-30,12.0
2011-10-03,12.5
2011-10-04,11.0
2011-10-05,12.0
2011-10-06,12.0
2011-10-07,12.5
2011-10-10,12.5
2011-10-11,12.0
2011-10-12,13.5
2011-10-13,14.0
2011-10-14,13.0
2011-10-17,13.0
2011-10-18,13.0
2011-10-19,13.5
2011-10-20,12.5
2011-10-21,15.0
2011-10-24,14.5
2011-10-25,14.5
2011-10-26,15.5
2011-10-27,20.5
2011-10-28,21.0
2011-10-31,20.5
2011-11-01,19.5
2011-11-02,18.0
2011-11-03,18.0
2011-11-04,20.0
2011-11-07,19.0
2011-11-08,19.0
2011-11-09,18.0
2011-11-10,18.0
2011-11-11,19.0
2011-11-14,19.0
2011-11-15,18.5
2011-11-16,18.5
2011-11-17,17.5
2011-11-18,18.5
2011-11-21,15.5
2011-11-22,16.5
2011-11-23,15.5
2011-11-25,14.5
2011-11-28,15.5
2011-11-29,15.5
2011-11-30,15.5
2011-12-01,15.5
2011-12-02,16.5
2011-12-05,15.5
2011-12-06,16.0
2011-12-07,15.0
2011-12-08,15.0
2011-12-09,16.5
2011-12-12,16.0
2011-12-13,15.0
2011-12-14,13.5
2011-12-15,14.5
2011-12-16,14.5
2011-12-19,13.5
2011-12-20,15.5
2011-12-21,15.0
2011-12-22,15.5
2011-12-23,15.0
2011-12-27,14.0
2011-12-28,15.0
2011-12-29,15.0
2011-12-30,13.5
2012-01-03,15.0
2012-01-04,14.0
2012-01-05,15.0
2012-01-06,15.0
2012-01-09,15.0
2012-01-10,14.0
2012-01-11,14.0
2012-01-12,15.0
2012-01-13,15.0
2012-01-17,16.0
2012-01-18,16.5
2012-01-19,18.5
2012-01-20,18.5
2012-01-23,17.0
2012-01-24,17.0
2012-01-25,17.0
2012-01-26,16.0
2012-01-27,17.0
2012-01-30,17.0
2012-01-31,17.0
2012-02-01,17.5
2012-02-02,16.5
2012-02-03,17.0
2012-02-06,17.0
2012-02-07,16.5
2012-02-08,16.5
2012-02-09,16.5
2012-02-10,16.0
2012-02-13,16.5
2012-02-14,15.5
2012-02-15,15.5
2012-02-16,17.0
2012-02-17,16.5
2012-02-21,16.0
2012-02-22,16.0
2012-02-23,17.5
2012-02-24,17.5
2012-02-27,18.5
2012-02-28,18.5
2012-02-29,17.5
2012-03-01,18.0
2012-03-02,18.0
2012-03-05,17.5
2012-03-06,15.5
2012-03-07,16.0
2012-03-08,16.0
2012-03-09,16.0
2012-03-12,16.0
2012-03-13,16.0
2012-03-14,14.5
2012-03-15,15.5
2012-03-16,14.5
2012-03-19,15.0
2012-03-20,14.0
2012-03-21,14.5
2012-03-22,13.0
2012-03-23,13.5
2012-03-26,14.0
2012-03-27,13.5
2012-03-28,13.5
2012-03-29,13.5
2012-03-30,13.0
2012-04-02,13.0
2012-04-03,12.5
2012-04-04,12.0
2012-04-05,12.0
2012-04-09,13.0
2012-04-10,13.0
2012-04-11,12.5
2012-04-12,12.0
2012-04-13,12.0
2012-04-16,13.0
2012-04-17,15.0
2012-04-18,15.0
2012-04-19,14.5
2012-04-20,15.0
2012-04-23,15.0
2012-04-24,15.0
2012-04-25,15.0
2012-04-26,15.0
2012-04-27,14.5
2012-04-30,13.0
2012-05-01,14.5
2012-05-02,14.5
2012-05-03,13.5
2012-05-04,14.0
2012-05-07,12.5
2012-05-08,12.0
2012-05-09,12.0
2012-05-10,13.0
2012-05-11,13.5
2012-05-14,13.0
2012-05-15,12.0
2012-05-16,11.5
2012-05-17,12.0
2012-05-18,11.5
2012-05-21,13.5
2012-05-22,12.5
2012-05-23,11.5
2012-05-24,12.5
2012-05-25,12.0
2012-05-29,12.5
2012-05-30,12.5
2012-05-31,12.5
2012-06-01,12.0
2012-06-04,11.5
2012-06-05,11.0
2012-06-06,11.0
2012-06-07,12.0
2012-06-08,11.5
2012-06-11,11.0
2012-06-12,11.5
2012-06-13,11.5
2012-06-14,11.5
2012-06-15,11.5
2012-06-18,11.0
2012-06-19,11.5
2012-06-20,11.5
2012-06-21,11.0
2012-06-22,11.0
2012-06-25,11.0
2012-06-26,11.0
2012-06-27,12.0
2012-06-28,10.5
2012-06-29,10.0
2012-07-02,9.0
2012-07-03,8.0
2012-07-05,8.5
2012-07-06,8.5
2012-07-09,7.5
2012-07-10,7.0
2012-07-11,7.5
2012-07-12,7.0
2012-07-13,7.0
2012-07-16,6.5
2012-07-17,6.5
2012-07-18,7.5
2012-07-19,7.0
2012-07-20,7.0
2012-07-23,7.0
2012-07-24,7.0
2012-07-25,7.5
2012-07-26,8.0
2012-07-27,9.5
2012-07-30,10.0
2012-07-31,12.0
2012-08-01,11.5
2012-08-02,10.5
2012-08-03,10.5
2012-08-06,11.0
2012-08-07,10.5
2012-08-08,10.0
2012-08-09,9.5
2012-08-10,9.0
2012-08-13,9.5
2012-08-14,10.0
2012-08-15,10.0
2012-08-16,10.5
2012-08-17,10.5
2012-08-20,10.0
2012-08-21,10.5
2012-08-22,10.5
2012-08-23,10.5
2012-08-24,10.5
2012-08-27,10.0
2012-08-28,10.5
2012-08-29,10.0
2012-08-30,10.5
2012-08-31,10.0
2012-09-04,10.5
2012-09-05,10.0
2012-09-06,9.5
2012-09-07,10.0
2012-09-10,10.0
2012-09-11,10.0
2012-09-12,10.0
2012-09-13,10.0
2012-09-14,10.0
2012-09-17,10.0
2012-09-18,10.0
2012-09-19,10.5
2012-09-20,10.5
2012-09-21,10.5
2012-09-24,10.5
2012-09-25,11.0
2012-09-26,9.5
2012-09-27,9.5
2012-09-28,9.5
2012-10-01,9.5
2012-10-02,9.5
2012-10-03,10.0
2012-10-04,9.5
2012-10-05,9.5
2012-10-08,9.5
2012-10-09,9.0
2012-10-10,8.5
2012-10-11,8.5
2012-10-12,9.0
2012-10-15,9.0
2012-10-16,9.0
2012-10-17,8.5
2012-10-18,8.0
2012-10-19,8.0
2012-10-22,8.0
2012-10-23,8.5
2012-10-24,8.0
2012-10-25,8.0
2012-10-26,8.0
2012-10-31,8.5
2012-11-01,8.0
2012-11-02,8.0
2012-11-05,8.0
2012-11-06,8.5
2012-11-07,8.0
2012-11-08,8.0
2012-11-09,8.0
2012-11-12,8.0
2012-11-13,8.0
2012-11-14,8.0
2012-11-15,8.0
2012-11-16,8.0
2012-11-19,7.5
2012-11-20,7.5
2012-11-21,7.5
2012-11-23,7.5
2012-11-26,7.5
2012-11-27,7.5
2012-11-28,7.5
2012-11-29,7.5
2012-11-30,7.5
2012-12-03,7.5
2012-12-04,8.0
2012-12-05,7.0
2012-12-06,7.0
2012-12-07,7.0
2012-12-10,7.0
2012-12-11,7.5
2012-12-12,7.5
2012-12-13,7.5
2012-12-14,7.5
2012-12-17,7.5
2012-12-18,7.5
2012-12-19,7.5
2012-12-20,8.0
2012-12-21,7.5
2012-12-24,8.5
2012-12-26,9.5
2012-12-27,8.5
2012-12-28,8.0
2012-12-31,9.0
2013-01-02,8.5
2013-01-03,9.0
2013-01-04,9.0
2013-01-07,8.5
2013-01-08,8.5
2013-01-09,8.5
2013-01-10,9.0
2013-01-11,8.5
2013-01-14,8.5
2013-01-15,9.0
2013-01-16,9.0
2013-01-17,9.5
2013-01-18,9.5
2013-01-22,9.0
2013-01-23,8.5
2013-01-24,9.0
2013-01-25,9.0
2013-01-28,8.5
2013-01-29,8.5
2013-01-30,8.5
2013-01-31,8.5
2013-02-01,9.0
2013-02-04,8.5
2013-02-05,9.0
2013-02-06,8.5
2013-02-07,9.0
2013-02-08,9.0
2013-02-11,9.0
2013-02-12,9.0
2013-02-13,8.5
2013-02-14,8.5
2013-02-15,8.5
2013-02-19,8.0
2013-02-20,8.0
2013-02-21,8.0
2013-02-22,7.5
2013-02-25,7.5
2013-02-26,7.5
2013-02-27,7.5
2013-02-28,7.5
2013-03-01,7.5
2013-03-04,7.0
2013-03-05,7.0
2013-03-06,7.0
2013-03-07,7.5
2013-03-08,7.5
2013-03-11,7.5
2013-03-12,7.5
2013-03-13,7.5
2013-03-14,7.5
2013-03-15,7.5
2013-03-18,7.0
2013-03-19,7.0
2013-03-20,7.5
2013-03-21,8.0
2013-03-22,7.5
2013-03-25,7.5
2013-03-26,8.0
2013-03-27,7.5
2013-03-28,7.5
2013-04-01,7.5
2013-04-02,7.5
2013-04-03,7.5
2013-04-04,7.5
2013-04-05,7.0
2013-04-08,7.0
2013-04-09,7.0
2013-04-10,7.0
2013-04-11,7.0
2013-04-12,7.0
2013-04-15,6.5
2013-04-16,7.0
2013-04-17,6.5
2013-04-18,6.5
2013-04-19,6.5
2013-04-22,6.5
2013-04-23,6.5
2013-04-24,6.5
2013-04-25,6.5
2013-04-26,7.0
2013-04-29,6.5
2013-04-30,6.5
2013-05-01,6.5
2013-05-02,6.5
2013-05-03,6.5
2013-05-06,6.5
2013-05-07,6.5
2013-05-08,7.0
2013-05-09,7.0
2013-05-10,6.5
2013-05-13,7.0
2013-05-14,6.5
2013-05-15,6.5
2013-05-16,7.5
2013-05-17,8.0
2013-05-20,8.5
2013-05-21,8.5
2013-05-22,8.0
2013-05-23,8.0
2013-05-24,8.5
2013-05-28,8.5
2013-05-29,8.5
2013-05-30,8.5
2013-05-31,8.5
2013-06-03,8.5
2013-06-04,8.5
2013-06-05,8.5
2013-06-06,8.5
2013-06-07,8.0
2013-06-10,8.5
2013-06-11,8.0
2013-06-12,8.0
2013-06-13,8.0
2013-06-14,8.0
2013-06-17,8.0
2013-06-18,8.0
2013-06-19,8.0
2013-06-20,8.0
2013-06-21,8.0
2013-06-24,8.0
2013-06-25,8.0
2013-06-26,7.5
2013-06-27,7.0
2013-06-28,7.0
2013-07-01,7.5
2013-07-02,7.5
2013-07-03,7.5
2013-07-05,7.5
2013-07-08,7.5
2013-07-09,8.5
2013-07-10,8.5
2013-07-11,8.5
2013-07-12,8.5
2013-07-15,8.0
2013-07-16,8.0
2013-07-17,8.0
2013-07-18,8.5
2013-07-19,8.0
2013-07-22,8.5
2013-07-23,8.5
2013-07-24,9.0
2013-07-25,9.0
2013-07-26,9.0
2013-07-29,9.0
2013-07-30,8.5
2013-07-31,9.0
2013-08-01,10.0
2013-08-02,10.0
2013-08-05,10.0
2013-08-06,9.5
2013-08-07,9.0
2013-08-08,9.5
2013-08-09,10.0
2013-08-12,9.5
2013-08-13,9.5
2013-08-14,9.5
2013-08-15,9.0
2013-08-16,9.0
2013-08-19,9.5
2013-08-20,9.5
2013-08-21,10.5
2013-08-22,11.0
2013-08-23,10.5
2013-08-26,11.0
2013-08-27,10.0
2013-08-28,10.0
2013-08-29,10.5
2013-08-30,10.0
2013-09-03,10.0
2013-09-04,9.5
2013-09-05,9.5
2013-09-06,9.5
2013-09-09,9.0
2013-09-10,9.0
2013-09-11,9.5
2013-09-12,9.0
2013-09-13,9.0
2013-09-16,9.0
2013-09-17,9.0
2013-09-18,9.0
2013-09-19,9.0
2013-09-20,9.0
2013-09-23,9.0
2013-09-24,8.5
2013-09-25,8.0
2013-09-26,8.0
2013-09-27,8.0
2013-09-30,8.0
2013-10-01,7.5
2013-10-02,8.0
2013-10-03,8.0
2013-10-04,8.0
2013-10-07,8.0
2013-10-08,7.5
2013-10-09,7.0
2013-10-10,7.0
2013-10-11,6.5
2013-10-14,7.0
2013-10-15,6.0
2013-10-16,6.5
2013-10-17,7.0
2013-10-18,7.0
2013-10-21,7.0
2013-10-22,7.0
2013-10-23,7.0
2013-10-24,7.0
2013-10-25,7.0
2013-10-28,7.0
2013-10-29,7.0
2013-10-30,7.0
2013-10-31,7.0
2013-11-01,6.0
2013-11-04,6.0
2013-11-05,5.599999904632568
2013-11-06,6.099999904632568
2013-11-07,6.039999961853027
2013-11-08,5.829999923706055
2013-11-11,5.96999979019165
2013-11-12,5.760000228881836
2013-11-13,5.889999866485596
2013-11-14,5.809999942779541
2013-11-15,5.730000019073486
2013-11-18,5.550000190734863
2013-11-19,5.25
2013-11-20,4.75
2013-11-21,4.940000057220459
2013-11-22,5.309999942779541
2013-11-25,5.880000114440918
2013-11-26,5.639999866485596
2013-11-27,5.53000020980835
2013-11-29,5.599999904632568
2013-12-02,5.590000152587891
2013-12-03,5.71999979019165
2013-12-04,5.650000095367432
2013-12-05,5.519999980926514
2013-12-06,5.610000133514404
2013-12-09,5.53000020980835
2013-12-10,5.510000228881836
2013-12-11,5.510000228881836
2013-12-12,5.5
2013-12-13,5.610000133514404
2013-12-16,5.650000095367432
2013-12-17,5.510000228881836
2013-12-18,5.460000038146973
2013-12-19,5.449999809265137
2013-12-20,5.480000019073486
2013-12-23,5.659999847412109
2013-12-24,5.639999866485596
2013-12-26,5.869999885559082
2013-12-27,5.610000133514404
2013-12-30,5.769999980926514
2013-12-31,5.699999809265137
2014-01-02,5.809999942779541
2014-01-03,6.150000095367432
2014-01-06,6.829999923706055
2014-01-07,6.619999885559082
2014-01-08,6.71999979019165
2014-01-09,6.449999809265137
2014-01-10,6.349999904632568
2014-01-13,6.329999923706055
2014-01-14,6.25
2014-01-15,6.309999942779541
2014-01-16,6.75
2014-01-17,6.769999980926514
2014-01-21,7.929999828338623
2014-01-22,8.15999984741211
2014-01-23,7.789999961853027
2014-01-24,7.570000171661377
2014-01-27,7.599999904632568
2014-01-28,7.960000038146973
2014-01-29,7.880000114440918
2014-01-30,7.909999847412109
2014-01-31,7.889999866485596
2014-02-03,7.53000020980835
2014-02-04,7.380000114440918
2014-02-05,7.440000057220459
2014-02-06,7.639999866485596
2014-02-07,7.900000095367432
2014-02-10,8.079999923706055
2014-02-11,8.140000343322754
2014-02-12,8.59000015258789
2014-02-13,8.680000305175781
2014-02-14,8.970000267028809
2014-02-18,9.270000457763672
2014-02-19,9.010000228881836
2014-02-20,9.130000114440918
2014-02-21,9.279999732971191
2014-02-24,9.220000267028809
2014-02-25,9.850000381469727
2014-02-26,10.479999542236328
2014-02-27,10.260000228881836
2014-02-28,10.75
2014-03-03,10.510000228881836
2014-03-04,10.630000114440918
2014-03-05,11.199999809265137
2014-03-06,11.65999984741211
2014-03-07,11.34000015258789
2014-03-10,11.109999656677246
2014-03-11,9.579999923706055
2014-03-12,9.399999618530273
2014-03-13,10.039999961853027
2014-03-14,9.949999809265137
2014-03-17,10.510000228881836
2014-03-18,10.350000381469727
2014-03-19,10.470000267028809
2014-03-20,10.5600004196167
2014-03-21,9.600000381469727
2014-03-24,9.300000190734863
2014-03-25,9.979999542236328
2014-03-26,9.65999984741211
2014-03-27,9.449999809265137
2014-03-28,9.449999809265137
2014-03-31,9.0
2014-04-01,9.770000457763672
2014-04-02,9.3100004196167
2014-04-03,9.229999542236328
2014-04-04,9.100000381469727
2014-04-07,8.539999961853027
2014-04-08,8.350000381469727
2014-04-09,8.970000267028809
2014-04-10,8.649999618530273
2014-04-11,8.5
2014-04-14,8.3100004196167
2014-04-15,8.119999885559082
2014-04-16,8.020000457763672
2014-04-17,8.119999885559082
2014-04-21,8.880000114440918
2014-04-22,8.760000228881836
2014-04-23,8.550000190734863
2014-04-24,8.390000343322754
2014-04-25,8.449999809265137
2014-04-28,8.170000076293945
2014-04-29,8.010000228881836
2014-04-30,7.739999771118164
2014-05-01,7.739999771118164
2014-05-02,7.940000057220459
2014-05-05,7.599999904632568
2014-05-06,7.260000228881836
2014-05-07,7.119999885559082
2014-05-08,7.019999980926514
2014-05-09,6.78000020980835
2014-05-12,6.820000171661377
2014-05-13,6.880000114440918
2014-05-14,6.849999904632568
2014-05-15,6.800000190734863
2014-05-16,6.699999809265137
2014-05-19,6.75
2014-05-20,6.78000020980835
2014-05-21,6.960000038146973
2014-05-22,7.099999904632568
2014-05-23,7.650000095367432
2014-05-27,7.840000152587891
2014-05-28,7.949999809265137
2014-05-29,8.100000381469727
2014-05-30,8.0
2014-06-02,7.78000020980835
2014-06-03,7.5
2014-06-04,7.590000152587891
2014-06-05,7.239999771118164
2014-06-06,7.190000057220459
2014-06-09,7.130000114440918
2014-06-10,7.0
2014-06-11,7.0
2014-06-12,7.289999961853027
2014-06-13,7.599999904632568
2014-06-16,7.409999847412109
2014-06-17,7.369999885559082
2014-06-18,7.159999847412109
2014-06-19,7.190000057220459
2014-06-20,7.289999961853027
2014-06-23,7.309999942779541
2014-06-24,7.21999979019165
2014-06-25,7.239999771118164
2014-06-26,7.329999923706055
2014-06-27,7.989999771118164
2014-06-30,7.480000019073486
2014-07-01,7.519999980926514
2014-07-02,7.75
2014-07-03,7.769999980926514
2014-07-07,7.690000057220459
2014-07-08,7.650000095367432
2014-07-09,7.489999771118164
2014-07-10,7.300000190734863
2014-07-11,7.159999847412109
2014-07-14,7.179999828338623
2014-07-15,7.019999980926514
2014-07-16,7.25
2014-07-17,7.320000171661377
2014-07-18,7.230000019073486
2014-07-21,7.429999828338623
2014-07-22,7.78000020980835
2014-07-23,7.800000190734863
2014-07-24,7.78000020980835
2014-07-25,7.650000095367432
2014-07-28,7.650000095367432
2014-07-29,7.449999809265137
2014-07-30,7.559999942779541
2014-07-31,7.550000190734863
2014-08-01,7.539999961853027
2014-08-04,7.559999942779541
2014-08-05,7.449999809265137
2014-08-06,7.53000020980835
2014-08-07,7.53000020980835
2014-08-08,7.429999828338623
2014-08-11,7.46999979019165
2014-08-12,7.340000152587891
2014-08-13,7.409999847412109
2014-08-14,7.449999809265137
2014-08-15,7.380000114440918
2014-08-18,7.440000057220459
2014-08-19,7.409999847412109
2014-08-20,7.409999847412109
2014-08-21,7.320000171661377
2014-08-22,7.360000133514404
2014-08-25,7.289999961853027
2014-08-26,7.329999923706055
2014-08-27,7.409999847412109
2014-08-28,7.440000057220459
2014-08-29,7.650000095367432
2014-09-02,7.690000057220459
2014-09-03,7.659999847412109
2014-09-04,7.260000228881836
2014-09-05,7.300000190734863
2014-09-08,7.0
2014-09-09,7.199999809265137
2014-09-10,7.320000171661377
2014-09-11,7.210000038146973
2014-09-12,7.300000190734863
2014-09-15,7.25
2014-09-16,7.300000190734863
2014-09-17,7.320000171661377
2014-09-18,7.46999979019165
2014-09-19,7.329999923706055
2014-09-22,7.050000190734863
2014-09-23,7.050000190734863
2014-09-24,6.989999771118164
2014-09-25,6.610000133514404
2014-09-26,6.659999847412109
2014-09-29,6.650000095367432
2014-09-30,6.75
2014-10-01,6.610000133514404
2014-10-02,6.570000171661377
2014-10-03,6.340000152587891
2014-10-06,6.420000076293945
2014-10-07,6.650000095367432
2014-10-08,6.710000038146973
2014-10-09,6.369999885559082
2014-10-10,6.159999847412109
2014-10-13,6.099999904632568
2014-10-14,5.940000057220459
2014-10-15,6.0
2014-10-16,5.989999771118164
2014-10-17,6.130000114440918
2014-10-20,6.070000171661377
2014-10-21,6.179999828338623
2014-10-22,6.039999961853027
2014-10-23,6.079999923706055
2014-10-24,6.019999980926514
2014-10-27,6.050000190734863
2014-10-28,6.190000057220459
2014-10-29,6.360000133514404
2014-10-30,6.269999980926514
2014-10-31,6.139999866485596
2014-11-03,6.190000057220459
2014-11-04,6.119999885559082
2014-11-05,6.389999866485596
2014-11-06,6.849999904632568
2014-11-07,7.0
2014-11-10,7.670000076293945
2014-11-11,7.579999923706055
2014-11-12,7.699999809265137
2014-11-13,7.349999904632568
2014-11-14,7.789999961853027
2014-11-17,7.869999885559082
2014-11-18,7.900000095367432
2014-11-19,7.510000228881836
2014-11-20,7.71999979019165
2014-11-21,7.5
2014-11-24,7.289999961853027
2014-11-25,7.539999961853027
2014-11-26,7.409999847412109
2014-11-28,7.0
2014-12-01,6.78000020980835
2014-12-02,7.059999942779541
2014-12-03,7.449999809265137
2014-12-04,7.25
2014-12-05,7.179999828338623
2014-12-08,6.900000095367432
2014-12-09,7.0
2014-12-10,6.909999847412109
2014-12-11,6.53000020980835
2014-12-12,6.739999771118164
2014-12-15,6.570000171661377
2014-12-16,6.559999942779541
2014-12-17,6.570000171661377
2014-12-18,6.519999980926514
2014-12-19,6.53000020980835
2014-12-22,6.289999961853027
2014-12-23,6.309999942779541
2014-12-24,6.269999980926514
2014-12-26,6.369999885559082
2014-12-29,6.21999979019165
2014-12-30,6.050000190734863
2014-12-31,6.190000057220459
2015-01-02,6.159999847412109
2015-01-05,5.329999923706055
2015-01-06,5.309999942779541
2015-01-07,5.389999866485596
2015-01-08,5.320000171661377
2015-01-09,5.360000133514404
2015-01-12,5.210000038146973
2015-01-13,5.010000228881836
2015-01-14,4.630000114440918
2015-01-15,4.5
2015-01-16,4.630000114440918
2015-01-20,4.840000152587891
2015-01-21,4.789999961853027
2015-01-22,4.71999979019165
2015-01-23,4.579999923706055
2015-01-26,4.630000114440918
2015-01-27,4.710000038146973
2015-01-28,4.679999828338623
2015-01-29,4.639999866485596
2015-01-30,4.559999942779541
2015-02-02,4.53000020980835
2015-02-03,4.769999980926514
2015-02-04,4.670000076293945
2015-02-05,4.96999979019165
2015-02-06,5.179999828338623
2015-02-09,5.150000095367432
2015-02-10,4.920000076293945
2015-02-11,5.0
2015-02-12,4.949999809265137
2015-02-13,4.929999828338623
2015-02-17,5.230000019073486
2015-02-18,5.179999828338623
2015-02-19,5.170000076293945
2015-02-20,4.949999809265137
2015-02-23,4.880000114440918
2015-02-24,4.909999847412109
2015-02-25,4.940000057220459
2015-02-26,4.869999885559082
2015-02-27,4.980000019073486
2015-03-02,4.849999904632568
2015-03-03,4.840000152587891
2015-03-04,4.900000095367432
2015-03-05,4.869999885559082
2015-03-06,4.75
2015-03-09,4.570000171661377
2015-03-10,4.489999771118164
2015-03-11,4.380000114440918
2015-03-12,4.519999980926514
2015-03-13,4.409999847412109
2015-03-16,4.480000019073486
2015-03-17,4.610000133514404
2015-03-18,4.699999809265137
2015-03-19,4.730000019073486
2015-03-20,4.75
2015-03-23,4.809999942779541
2015-03-24,4.71999979019165
2015-03-25,4.679999828338623
2015-03-26,4.619999885559082
2015-03-27,4.619999885559082
2015-03-30,4.489999771118164
2015-03-31,4.550000190734863
2015-04-01,4.510000228881836
2015-04-02,4.070000171661377
2015-04-06,4.25
2015-04-07,4.269999980926514
2015-04-08,4.159999847412109
2015-04-09,4.179999828338623
2015-04-10,4.099999904632568
2015-04-13,4.159999847412109
2015-04-14,4.21999979019165
2015-04-15,4.369999885559082
2015-04-16,4.480000019073486
2015-04-17,4.320000171661377
2015-04-20,4.420000076293945
2015-04-21,4.599999904632568
2015-04-22,4.96999979019165
2015-04-23,5.420000076293945
2015-04-24,5.300000190734863
2015-04-27,5.130000114440918
2015-04-28,5.28000020980835
2015-04-29,5.139999866485596
2015-04-30,4.940000057220459
2015-05-01,4.960000038146973
2015-05-04,4.989999771118164
2015-05-05,4.949999809265137
2015-05-06,4.800000190734863
2015-05-07,4.739999771118164
2015-05-08,4.739999771118164
2015-05-11,4.730000019073486
2015-05-12,4.840000152587891
2015-05-13,5.0
2015-05-14,5.110000133514404
2015-05-15,4.889999866485596
2015-05-18,4.960000038146973
2015-05-19,4.739999771118164
2015-05-20,4.690000057220459
2015-05-21,4.539999961853027
2015-05-22,4.619999885559082
2015-05-26,4.510000228881836
2015-05-27,4.5
2015-05-28,4.480000019073486
2015-05-29,4.5
2015-06-01,4.440000057220459
2015-06-02,4.539999961853027
2015-06-03,4.75
2015-06-04,4.699999809265137
2015-06-05,4.610000133514404
2015-06-08,4.559999942779541
2015-06-09,4.550000190734863
2015-06-10,4.619999885559082
2015-06-11,4.570000171661377
2015-06-12,4.570000171661377
2015-06-15,4.519999980926514
2015-06-16,4.489999771118164
2015-06-17,4.400000095367432
2015-06-18,4.159999847412109
2015-06-19,4.659999847412109
2015-06-22,5.119999885559082
2015-06-23,4.989999771118164
2015-06-24,4.920000076293945
2015-06-25,5.0
2015-06-26,5.230000019073486
2015-06-29,4.710000038146973
2015-06-30,4.449999809265137
2015-07-01,4.329999923706055
2015-07-02,4.230000019073486
2015-07-06,4.239999771118164
2015-07-07,4.139999866485596
2015-07-08,3.9800000190734863
2015-07-09,3.8399999141693115
2015-07-10,3.990000009536743
2015-07-13,4.070000171661377
2015-07-14,4.289999961853027
2015-07-15,4.139999866485596
2015-07-16,4.400000095367432
2015-07-17,4.429999828338623
2015-07-20,4.329999923706055
2015-07-21,4.070000171661377
2015-07-22,4.429999828338623
2015-07-23,4.420000076293945
2015-07-24,4.260000228881836
2015-07-27,4.019999980926514
2015-07-28,3.990000009536743
2015-07-29,3.930000066757202
2015-07-30,3.880000114440918
2015-07-31,3.8299999237060547
2015-08-03,3.6600000858306885
2015-08-04,4.0
2015-08-05,3.880000114440918
2015-08-06,3.880000114440918
2015-08-07,3.75
2015-08-10,4.119999885559082
2015-08-11,3.990000009536743
2015-08-12,4.260000228881836
2015-08-13,4.21999979019165
2015-08-14,4.059999942779541
2015-08-17,3.9000000953674316
2015-08-18,3.7899999618530273
2015-08-19,3.890000104904175
2015-08-20,3.740000009536743
2015-08-21,3.5999999046325684
2015-08-24,3.3299999237060547
2015-08-25,3.059999942779541
2015-08-26,2.9000000953674316
2015-08-27,3.0999999046325684
2015-08-28,3.3399999141693115
2015-08-31,3.4700000286102295
2015-09-01,3.1500000953674316
2015-09-02,3.140000104904175
2015-09-03,3.119999885559082
2015-09-04,3.069999933242798
2015-09-08,3.200000047683716
2015-09-09,3.1600000858306885
2015-09-10,3.190000057220459
2015-09-11,3.119999885559082
2015-09-14,3.0199999809265137
2015-09-15,3.190000057220459
2015-09-16,3.309999942779541
2015-09-17,3.430000066757202
2015-09-18,3.2699999809265137
2015-09-21,3.259999990463257
2015-09-22,3.069999933242798
2015-09-23,3.0899999141693115
2015-09-24,3.180000066757202
2015-09-25,2.950000047683716
2015-09-28,2.859999895095825
2015-09-29,2.8299999237060547
2015-09-30,2.9100000858306885
2015-10-01,2.8299999237060547
2015-10-02,2.950000047683716
2015-10-05,3.25
2015-10-06,3.3499999046325684
2015-10-07,3.299999952316284
2015-10-08,3.4200000762939453
2015-10-09,3.309999942779541
2015-10-12,3.25
2015-10-13,3.240000009536743
2015-10-14,3.1600000858306885
2015-10-15,3.369999885559082
2015-10-16,3.309999942779541
2015-10-19,3.140000104904175
2015-10-20,3.0399999618530273
2015-10-21,2.890000104904175
2015-10-22,2.9100000858306885
2015-10-23,3.009999990463257
2015-10-26,2.869999885559082
2015-10-27,2.7699999809265137
2015-10-28,2.859999895095825
2015-10-29,2.819999933242798
2015-10-30,2.7200000286102295
2015-11-02,2.7899999618530273
2015-11-03,2.759999990463257
2015-11-04,2.7300000190734863
2015-11-05,2.75
2015-11-06,2.809999942779541
2015-11-09,2.680000066757202
2015-11-10,2.6500000953674316
2015-11-11,2.5999999046325684
2015-11-12,2.4800000190734863
2015-11-13,2.3299999237060547
2015-11-16,2.2699999809265137
2015-11-17,2.1700000762939453
2015-11-18,2.130000114440918
2015-11-19,2.069999933242798
2015-11-20,2.0
2015-11-23,1.8899999856948853
2015-11-24,2.0199999809265137
2015-11-25,1.9199999570846558
2015-11-27,1.8899999856948853
2015-11-30,1.8700000047683716
2015-12-01,1.9800000190734863
2015-12-02,2.0199999809265137
2015-12-03,2.0799999237060547
2015-12-04,2.0799999237060547
2015-12-07,2.0
2015-12-08,1.9299999475479126
2015-12-09,2.0199999809265137
2015-12-10,2.059999942779541
2015-12-11,1.909999966621399
2015-12-14,1.8899999856948853
2015-12-15,1.8899999856948853
2015-12-16,1.9299999475479126
2015-12-17,1.9500000476837158
2015-12-18,2.0
2015-12-21,2.190000057220459
2015-12-22,2.319999933242798
2015-12-23,2.390000104904175
2015-12-24,2.440000057220459
2015-12-28,2.309999942779541
2015-12-29,2.390000104904175
2015-12-30,2.6500000953674316
2015-12-31,2.950000047683716
2016-01-04,2.880000114440918
2016-01-05,2.890000104904175
2016-01-06,2.680000066757202
2016-01-07,2.5
2016-01-08,2.430000066757202
2016-01-11,2.25
2016-01-12,2.119999885559082
2016-01-13,1.9700000286102295
2016-01-14,2.119999885559082
2016-01-15,1.9600000381469727
2016-01-19,1.9900000095367432
2016-01-20,2.0
2016-01-21,2.059999942779541
2016-01-22,2.109999895095825
2016-01-25,2.0199999809265137
2016-01-26,2.119999885559082
2016-01-27,2.130000114440918
2016-01-28,2.180000066757202
2016-01-29,2.3399999141693115
2016-02-01,2.430000066757202
2016-02-02,2.309999942779541
2016-02-03,2.380000114440918
2016-02-04,2.380000114440918
2016-02-05,2.1600000858306885
2016-02-08,2.25
2016-02-09,2.119999885559082
2016-02-10,2.0399999618530273
2016-02-11,2.0299999713897705
2016-02-12,2.2300000190734863
2016-02-16,2.380000114440918
2016-02-17,2.509999990463257
2016-02-18,2.369999885559082
2016-02-19,2.299999952316284
2016-02-22,2.3299999237060547
2016-02-23,2.180000066757202
2016-02-24,2.240000009536743
2016-02-25,2.240000009536743
2016-02-26,2.309999942779541
2016-02-29,2.4700000286102295
2016-03-01,2.5199999809265137
2016-03-02,2.559999942779541
2016-03-03,2.6700000762939453
2016-03-04,2.7699999809265137
2016-03-07,2.9600000381469727
2016-03-08,2.75
2016-03-09,2.3299999237060547
2016-03-10,2.3399999141693115
2016-03-11,2.319999933242798
2016-03-14,2.390000104904175
2016-03-15,2.299999952316284
2016-03-16,2.3399999141693115
2016-03-17,2.390000104904175
2016-03-18,2.440000057220459
2016-03-21,2.369999885559082
2016-03-22,2.369999885559082
2016-03-23,2.2200000286102295
2016-03-24,2.25
2016-03-28,2.2100000381469727
2016-03-29,2.299999952316284
2016-03-30,2.2899999618530273
2016-03-31,2.2100000381469727
2016-04-01,2.2899999618530273
2016-04-04,2.200000047683716
2016-04-05,2.109999895095825
2016-04-06,2.130000114440918
2016-04-07,2.0999999046325684
2016-04-08,2.190000057220459
2016-04-11,2.240000009536743
2016-04-12,2.3499999046325684
2016-04-13,2.380000114440918
2016-04-14,2.2799999713897705
2016-04-15,2.299999952316284
2016-04-18,2.3399999141693115
2016-04-19,2.369999885559082
2016-04-20,2.359999895095825
2016-04-21,2.319999933242798
2016-04-22,2.369999885559082
2016-04-25,2.369999885559082
2016-04-26,2.380000114440918
2016-04-27,2.390000104904175
2016-04-28,2.390000104904175
2016-04-29,2.3499999046325684
2016-05-02,2.3299999237060547
2016-05-03,2.190000057220459
2016-05-04,2.119999885559082
2016-05-05,2.119999885559082
2016-05-06,2.1700000762939453
2016-05-09,2.130000114440918
2016-05-10,2.2100000381469727
2016-05-11,2.190000057220459
2016-05-12,2.130000114440918
2016-05-13,2.140000104904175
2016-05-16,2.359999895095825
2016-05-17,2.380000114440918
2016-05-18,2.25
2016-05-19,2.1600000858306885
2016-05-20,2.200000047683716
2016-05-23,2.309999942779541
2016-05-24,2.25
2016-05-25,2.3299999237060547
2016-05-26,2.2699999809265137
2016-05-27,2.2100000381469727
2016-05-31,2.2100000381469727
2016-06-01,2.2100000381469727
2016-06-02,2.309999942779541
2016-06-03,2.369999885559082
2016-06-06,2.700000047683716
2016-06-07,2.5799999237060547
2016-06-08,2.549999952316284
2016-06-09,2.619999885559082
2016-06-10,2.4800000190734863
2016-06-13,2.4600000381469727
2016-06-14,2.4200000762939453
2016-06-15,2.569999933242798
2016-06-16,2.5
2016-06-17,2.6600000858306885
2016-06-20,2.569999933242798
2016-06-21,2.5299999713897705
2016-06-22,2.440000057220459
2016-06-23,2.559999942779541
2016-06-24,2.359999895095825
2016-06-27,2.2100000381469727
2016-06-28,2.2100000381469727
2016-06-29,2.2200000286102295
2016-06-30,2.2699999809265137
2016-07-01,2.390000104904175
2016-07-05,2.25
2016-07-06,2.2100000381469727
2016-07-07,2.2300000190734863
2016-07-08,2.259999990463257
2016-07-11,2.2300000190734863
2016-07-12,2.309999942779541
2016-07-13,2.299999952316284
2016-07-14,2.319999933242798
2016-07-15,2.2799999713897705
2016-07-18,2.25
2016-07-19,2.2100000381469727
2016-07-20,2.2100000381469727
2016-07-21,2.2300000190734863
2016-07-22,2.259999990463257
2016-07-25,2.190000057220459
2016-07-26,2.2100000381469727
2016-07-27,2.2100000381469727
2016-07-28,2.180000066757202
2016-07-29,2.2300000190734863
2016-08-01,2.25
2016-08-02,2.180000066757202
2016-08-03,2.190000057220459
2016-08-04,2.180000066757202
2016-08-05,2.2100000381469727
2016-08-08,2.2300000190734863
2016-08-09,2.240000009536743
2016-08-10,2.240000009536743
2016-08-11,2.4100000858306885
2016-08-12,2.3499999046325684
2016-08-15,2.369999885559082
2016-08-16,2.4200000762939453
2016-08-17,2.450000047683716
2016-08-18,2.559999942779541
2016-08-19,2.5399999618530273
2016-08-22,2.359999895095825
2016-08-23,2.3299999237060547
2016-08-24,2.25
2016-08-25,2.259999990463257
2016-08-26,2.2699999809265137
2016-08-29,2.2899999618530273
2016-08-30,2.380000114440918
2016-08-31,2.319999933242798
2016-09-01,2.319999933242798
2016-09-02,2.3399999141693115
2016-09-06,2.369999885559082
2016-09-07,2.3399999141693115
2016-09-08,2.359999895095825
2016-09-09,2.299999952316284
2016-09-12,2.2799999713897705
2016-09-13,2.259999990463257
2016-09-14,2.2699999809265137
2016-09-15,1.690000057220459
2016-09-16,1.649999976158142
2016-09-19,1.6699999570846558
2016-09-20,1.6699999570846558
2016-09-21,1.6799999475479126
2016-09-22,1.6299999952316284
2016-09-23,1.6100000143051147
2016-09-26,1.559999942779541
2016-09-27,1.5099999904632568
2016-09-28,1.5399999618530273
2016-09-29,1.5800000429153442
2016-09-30,1.590000033378601
2016-10-03,1.5499999523162842
2016-10-04,1.5
2016-10-05,1.5399999618530273
2016-10-06,1.5
2016-10-07,1.5199999809265137
2016-10-10,1.440000057220459
2016-10-11,1.440000057220459
2016-10-12,1.440000057220459
2016-10-13,1.3899999856948853
2016-10-14,1.409999966621399
2016-10-17,1.3700000047683716
2016-10-18,1.399999976158142
2016-10-19,1.409999966621399
2016-10-20,1.5399999618530273
2016-10-21,1.4900000095367432
2016-10-24,1.4600000381469727
2016-10-25,1.4600000381469727
2016-10-26,1.409999966621399
2016-10-27,1.4600000381469727
2016-10-28,1.440000057220459
2016-10-31,1.4500000476837158
2016-11-01,1.399999976158142
2016-11-02,1.3799999952316284
2016-11-03,1.340000033378601
2016-11-04,1.3200000524520874
2016-11-07,1.340000033378601
2016-11-08,1.3200000524520874
2016-11-09,1.350000023841858
2016-11-10,1.409999966621399
2016-11-11,1.4199999570846558
2016-11-14,1.3799999952316284
2016-11-15,1.3600000143051147
2016-11-16,1.3600000143051147
2016-11-17,1.399999976158142
2016-11-18,1.3799999952316284
2016-11-21,1.409999966621399
2016-11-22,1.3799999952316284
2016-11-23,1.2999999523162842
2016-11-25,1.3200000524520874
2016-11-28,1.3200000524520874
2016-11-29,1.3300000429153442
2016-11-30,1.3300000429153442
2016-12-01,1.409999966621399
2016-12-02,1.4199999570846558
2016-12-05,1.4800000190734863
2016-12-06,1.600000023841858
2016-12-07,1.6399999856948853
2016-12-08,1.75
2016-12-09,1.840000033378601
2016-12-12,1.6799999475479126
2016-12-13,1.659999966621399
2016-12-14,1.5700000524520874
2016-12-15,1.7200000286102295
2016-12-16,1.7300000190734863
2016-12-19,1.6799999475479126
2016-12-20,1.7300000190734863
2016-12-21,1.690000057220459
2016-12-22,1.7000000476837158
2016-12-23,1.6699999570846558
2016-12-27,1.5800000429153442
2016-12-28,1.5
2016-12-29,1.559999942779541
2016-12-30,1.6399999856948853
2017-01-03,1.7300000190734863
2017-01-04,1.7899999618530273
2017-01-05,1.9500000476837158
2017-01-06,1.9500000476837158
2017-01-09,1.909999966621399
2017-01-10,2.180000066757202
2017-01-11,2.299999952316284
2017-01-12,2.1600000858306885
2017-01-13,2.2899999618530273
2017-01-17,2.299999952316284
2017-01-18,2.119999885559082
2017-01-19,2.2100000381469727
2017-01-20,2.200000047683716
2017-01-23,2.3499999046325684
2017-01-24,2.509999990463257
2017-01-25,2.4000000953674316
2017-01-26,2.299999952316284
2017-01-27,2.25
2017-01-30,2.140000104904175
2017-01-31,2.200000047683716
2017-02-01,2.109999895095825
2017-02-02,2.0399999618530273
2017-02-03,2.0999999046325684
2017-02-06,2.109999895095825
2017-02-07,2.1700000762939453
2017-02-08,2.2899999618530273
2017-02-09,2.369999885559082
2017-02-10,2.430000066757202
2017-02-13,2.509999990463257
2017-02-14,2.6600000858306885
2017-02-15,2.4200000762939453
2017-02-16,2.390000104904175
2017-02-17,2.390000104904175
2017-02-21,2.259999990463257
2017-02-22,2.200000047683716
2017-02-23,2.1500000953674316
2017-02-24,2.180000066757202
2017-02-27,2.180000066757202
2017-02-28,2.0899999141693115
2017-03-01,2.119999885559082
2017-03-02,2.069999933242798
2017-03-03,1.9900000095367432
2017-03-06,1.8799999952316284
2017-03-07,2.109999895095825
2017-03-08,2.1500000953674316
2017-03-09,2.0
2017-03-10,1.9800000190734863
2017-03-13,1.9600000381469727
2017-03-14,1.9900000095367432
2017-03-15,2.1700000762939453
2017-03-16,2.2100000381469727
2017-03-17,2.2100000381469727
2017-03-20,2.180000066757202
2017-03-21,2.069999933242798
2017-03-22,2.009999990463257
2017-03-23,2.049999952316284
2017-03-24,2.0299999713897705
2017-03-27,2.0799999237060547
2017-03-28,2.109999895095825
2017-03-29,2.1700000762939453
2017-03-30,2.130000114440918
2017-03-31,2.1700000762939453
2017-04-03,2.0999999046325684
2017-04-04,2.059999942779541
2017-04-05,2.009999990463257
2017-04-06,2.059999942779541
2017-04-07,2.059999942779541
2017-04-10,2.200000047683716
2017-04-11,2.25
2017-04-12,2.190000057220459
2017-04-13,2.119999885559082
2017-04-17,2.109999895095825
2017-04-18,2.059999942779541
2017-04-19,1.9800000190734863
2017-04-20,2.0
2017-04-21,2.0
2017-04-24,1.9800000190734863
2017-04-25,1.9700000286102295
2017-04-26,1.9500000476837158
2017-04-27,1.8700000047683716
2017-04-28,1.75
2017-05-01,1.7899999618530273
2017-05-02,1.7300000190734863
2017-05-03,1.6699999570846558
2017-05-04,1.5399999618530273
2017-05-05,1.600000023841858
2017-05-08,1.7300000190734863
2017-05-09,1.690000057220459
2017-05-10,1.6699999570846558
2017-05-11,1.6699999570846558
2017-05-12,1.7200000286102295
2017-05-15,1.6799999475479126
2017-05-16,1.6799999475479126
2017-05-17,1.6200000047683716
2017-05-18,1.6299999952316284
2017-05-19,1.6799999475479126
2017-05-22,1.6699999570846558
2017-05-23,1.6699999570846558
2017-05-24,1.6100000143051147
2017-05-25,1.5499999523162842
2017-05-26,1.600000023841858
2017-05-30,1.600000023841858
2017-05-31,1.559999942779541
2017-06-01,1.5099999904632568
2017-06-02,1.5399999618530273
2017-06-05,1.5499999523162842
2017-06-06,1.5099999904632568
2017-06-07,1.5399999618530273
2017-06-08,1.6100000143051147
2017-06-09,1.6100000143051147
2017-06-12,1.5299999713897705
2017-06-13,1.600000023841858
2017-06-14,1.5800000429153442
2017-06-15,1.5499999523162842
2017-06-16,1.559999942779541
2017-06-19,1.5499999523162842
2017-06-20,1.4900000095367432
2017-06-21,1.4800000190734863
2017-06-22,1.5199999809265137
2017-06-23,1.5800000429153442
2017-06-26,1.6799999475479126
2017-06-27,1.6200000047683716
2017-06-28,1.559999942779541
2017-06-29,1.600000023841858
2017-06-30,1.590000033378601
2017-07-03,1.600000023841858
2017-07-05,1.6299999952316284
2017-07-06,1.6299999952316284
2017-07-07,1.5800000429153442
2017-07-10,1.659999966621399
2017-07-11,1.6399999856948853
2017-07-12,1.6299999952316284
2017-07-13,1.6399999856948853
2017-07-14,1.649999976158142
2017-07-17,1.7899999618530273
2017-07-18,1.7200000286102295
2017-07-19,1.8200000524520874
2017-07-20,1.7400000095367432
2017-07-21,1.690000057220459
2017-07-24,1.690000057220459
2017-07-25,1.7300000190734863
2017-07-26,1.75
2017-07-27,1.7200000286102295
2017-07-28,1.75
2017-07-31,1.7799999713897705
2017-08-01,1.7799999713897705
2017-08-02,1.7699999809265137
2017-08-03,1.7699999809265137
2017-08-04,1.7400000095367432
2017-08-07,1.6200000047683716
2017-08-08,1.7000000476837158
2017-08-09,1.6799999475479126
2017-08-10,1.6799999475479126
2017-08-11,1.7000000476837158
2017-08-14,1.6699999570846558
2017-08-15,1.649999976158142
2017-08-16,1.7000000476837158
2017-08-17,1.7000000476837158
2017-08-18,1.7599999904632568
2017-08-21,1.7100000381469727
2017-08-22,1.649999976158142
2017-08-23,1.6399999856948853
2017-08-24,1.659999966621399
2017-08-25,1.6699999570846558
2017-08-28,1.690000057220459
2017-08-29,1.8300000429153442
2017-08-30,1.7999999523162842
2017-08-31,1.850000023841858
2017-09-01,1.8200000524520874
2017-09-05,1.7699999809265137
2017-09-06,1.75
2017-09-07,1.7899999618530273
2017-09-08,1.7300000190734863
2017-09-11,1.7799999713897705
2017-09-12,1.7899999618530273
2017-09-13,1.7100000381469727
2017-09-14,1.7799999713897705
2017-09-15,1.7400000095367432
2017-09-18,1.7000000476837158
2017-09-19,1.7000000476837158
2017-09-20,1.6799999475479126
2017-09-21,1.649999976158142
2017-09-22,1.6399999856948853
2017-09-25,1.6399999856948853
2017-09-26,1.6100000143051147
2017-09-27,1.6100000143051147
2017-09-28,1.6100000143051147
2017-09-29,1.600000023841858
2017-10-02,1.5499999523162842
2017-10-03,1.5199999809265137
2017-10-04,1.5099999904632568
2017-10-05,1.5099999904632568
2017-10-06,1.5
2017-10-09,1.4700000286102295
2017-10-10,1.399999976158142
2017-10-11,1.4299999475479126
2017-10-12,1.399999976158142
2017-10-13,1.409999966621399
2017-10-16,1.409999966621399
2017-10-17,1.3700000047683716
2017-10-18,1.399999976158142
2017-10-19,1.399999976158142
2017-10-20,1.3899999856948853
2017-10-23,1.409999966621399
2017-10-24,1.3799999952316284
2017-10-25,1.3799999952316284
2017-10-26,1.3600000143051147
2017-10-27,1.2999999523162842
2017-10-30,1.3200000524520874
2017-10-31,1.3799999952316284
2017-11-01,1.3899999856948853
2017-11-02,1.3899999856948853
2017-11-03,1.340000033378601
2017-11-06,1.3700000047683716
2017-11-07,1.4600000381469727
2017-11-08,1.4299999475479126
2017-11-09,1.6299999952316284
2017-11-10,1.690000057220459
2017-11-13,1.649999976158142
2017-11-14,1.6100000143051147
2017-11-15,1.6100000143051147
2017-11-16,1.6799999475479126
2017-11-17,1.809999942779541
2017-11-20,1.7999999523162842
2017-11-21,1.8700000047683716
2017-11-22,2.0
2017-11-24,1.909999966621399
2017-11-27,1.7899999618530273
2017-11-28,1.809999942779541
2017-11-29,1.7899999618530273
2017-11-30,1.75
2017-12-01,1.6699999570846558
2017-12-04,1.899999976158142
2017-12-05,1.8899999856948853
2017-12-06,1.7999999523162842
2017-12-07,1.8300000429153442
2017-12-08,1.899999976158142
2017-12-11,2.0299999713897705
2017-12-12,1.9199999570846558
2017-12-13,1.9299999475479126
2017-12-14,1.9800000190734863
2017-12-15,1.8600000143051147
2017-12-18,1.8600000143051147
2017-12-19,1.9199999570846558
2017-12-20,1.850000023841858
2017-12-21,1.8600000143051147
2017-12-22,1.809999942779541
2017-12-26,1.8600000143051147
2017-12-27,1.7899999618530273
2017-12-28,1.850000023841858
2017-12-29,1.7899999618530273
2018-01-02,1.940000057220459
2018-01-03,1.899999976158142
2018-01-04,1.899999976158142
2018-01-05,1.899999976158142
2018-01-08,1.850000023841858
2018-01-09,1.7699999809265137
2018-01-10,1.8200000524520874
2018-01-11,1.7999999523162842
2018-01-12,1.809999942779541
2018-01-16,1.659999966621399
2018-01-17,1.690000057220459
2018-01-18,1.649999976158142
2018-01-19,1.649999976158142
2018-01-22,1.6799999475479126
2018-01-23,1.7200000286102295
2018-01-24,1.7300000190734863
2018-01-25,1.649999976158142
2018-01-26,1.6200000047683716
2018-01-29,1.6200000047683716
2018-01-30,1.5700000524520874
2018-01-31,1.6200000047683716
2018-02-01,1.6200000047683716
2018-02-02,1.559999942779541
2018-02-05,1.5299999713897705
2018-02-06,1.600000023841858
2018-02-07,1.6399999856948853
2018-02-08,1.600000023841858
2018-02-09,1.6100000143051147
2018-02-12,1.6399999856948853
2018-02-13,1.6299999952316284
2018-02-14,1.7200000286102295
2018-02-15,1.690000057220459
2018-02-16,1.6399999856948853
2018-02-20,1.559999942779541
2018-02-21,1.559999942779541
2018-02-22,1.559999942779541
2018-02-23,1.590000033378601
2018-02-26,1.5800000429153442
2018-02-27,1.5299999713897705
2018-02-28,1.5099999904632568
2018-03-01,1.559999942779541
2018-03-02,1.6299999952316284
2018-03-05,1.6299999952316284
2018-03-06,1.6200000047683716
2018-03-07,1.6100000143051147
2018-03-08,1.5800000429153442
2018-03-09,1.5800000429153442
2018-03-12,1.6100000143051147
2018-03-13,1.5700000524520874
2018-03-14,1.5399999618530273
2018-03-15,1.5199999809265137
2018-03-16,1.5499999523162842
2018-03-19,1.5299999713897705
2018-03-20,1.5099999904632568
2018-03-21,1.6200000047683716
2018-03-22,1.5199999809265137
2018-03-23,1.6200000047683716
2018-03-26,1.5299999713897705
2018-03-27,1.5199999809265137
2018-03-28,1.5499999523162842
2018-03-29,1.7400000095367432
2018-04-02,1.7300000190734863
2018-04-03,1.850000023841858
2018-04-04,1.8700000047683716
2018-04-05,1.909999966621399
2018-04-06,1.8799999952316284
2018-04-09,1.840000033378601
2018-04-10,1.8700000047683716
2018-04-11,1.840000033378601
2018-04-12,1.7899999618530273
2018-04-13,1.8200000524520874
2018-04-16,1.940000057220459
2018-04-17,1.9700000286102295
2018-04-18,2.0199999809265137
2018-04-19,2.009999990463257
2018-04-20,1.940000057220459
2018-04-23,1.840000033378601
2018-04-24,1.809999942779541
2018-04-25,1.809999942779541
2018-04-26,1.809999942779541
2018-04-27,1.8799999952316284
2018-04-30,1.7999999523162842
2018-05-01,1.8600000143051147
2018-05-02,1.9700000286102295
2018-05-03,1.940000057220459
2018-05-04,1.9299999475479126
2018-05-07,1.850000023841858
2018-05-08,1.850000023841858
2018-05-09,1.9700000286102295
2018-05-10,2.009999990463257
2018-05-11,2.0399999618530273
2018-05-14,2.0899999141693115
2018-05-15,2.0299999713897705
2018-05-16,2.0199999809265137
2018-05-17,2.009999990463257
2018-05-18,2.0799999237060547
2018-05-21,2.119999885559082
2018-05-22,2.009999990463257
2018-05-23,1.9900000095367432
2018-05-24,1.9800000190734863
2018-05-25,1.9500000476837158
2018-05-29,1.899999976158142
2018-05-30,1.8899999856948853
2018-05-31,1.840000033378601
2018-06-01,1.909999966621399
2018-06-04,2.0
2018-06-05,2.0799999237060547
2018-06-06,2.0799999237060547
2018-06-07,2.0399999618530273
2018-06-08,2.009999990463257
2018-06-11,2.109999895095825
2018-06-12,2.119999885559082
2018-06-13,2.0999999046325684
2018-06-14,2.0399999618530273
2018-06-15,2.0199999809265137
2018-06-18,2.0999999046325684
2018-06-19,2.059999942779541
2018-06-20,2.140000104904175
2018-06-21,2.0999999046325684
2018-06-22,2.0999999046325684
2018-06-25,2.009999990463257
2018-06-26,1.9700000286102295
2018-06-27,2.059999942779541
2018-06-28,2.3399999141693115
2018-06-29,2.2699999809265137
2018-07-02,2.509999990463257
2018-07-03,2.3299999237060547
2018-07-05,2.4700000286102295
2018-07-06,2.4600000381469727
2018-07-09,2.380000114440918
2018-07-10,2.3499999046325684
2018-07-11,2.319999933242798
2018-07-12,2.319999933242798
2018-07-13,2.3299999237060547
2018-07-16,2.2699999809265137
2018-07-17,2.309999942779541
2018-07-18,2.3399999141693115
2018-07-19,2.2799999713897705
2018-07-20,2.5899999141693115
2018-07-23,2.6600000858306885
2018-07-24,2.680000066757202
2018-07-25,2.5
2018-07-26,2.7699999809265137
2018-07-27,2.740000009536743
2018-07-30,2.9100000858306885
2018-07-31,2.950000047683716
2018-08-01,2.950000047683716
2018-08-02,3.0299999713897705
2018-08-03,3.509999990463257
2018-08-06,3.309999942779541
2018-08-07,3.390000104904175
2018-08-08,3.3299999237060547
2018-08-09,3.240000009536743
2018-08-10,3.109999895095825
2018-08-13,3.059999942779541
2018-08-14,3.390000104904175
2018-08-15,3.2899999618530273
2018-08-16,3.319999933242798
2018-08-17,3.3299999237060547
2018-08-20,3.2699999809265137
2018-08-21,3.25
2018-08-22,3.299999952316284
2018-08-23,3.319999933242798
2018-08-24,3.2699999809265137
2018-08-27,3.200000047683716
2018-08-28,3.2200000286102295
2018-08-29,3.240000009536743
2018-08-30,3.1600000858306885
2018-08-31,3.190000057220459
2018-09-04,3.1500000953674316
2018-09-05,3.0
2018-09-06,2.9000000953674316
2018-09-07,2.890000104904175
2018-09-10,2.809999942779541
2018-09-11,2.8299999237060547
2018-09-12,3.119999885559082
2018-09-13,3.180000066757202
2018-09-14,3.1500000953674316
2018-09-17,3.0999999046325684
2018-09-18,3.2200000286102295
2018-09-19,3.2799999713897705
2018-09-20,3.299999952316284
2018-09-21,3.2300000190734863
2018-09-24,3.119999885559082
2018-09-25,3.0899999141693115
2018-09-26,3.0199999809265137
2018-09-27,3.2300000190734863
2018-09-28,3.2799999713897705
2018-10-01,3.25
2018-10-02,3.319999933242798
2018-10-03,3.4100000858306885
2018-10-04,3.4600000381469727
2018-10-05,3.3399999141693115
2018-10-08,3.509999990463257
2018-10-09,3.619999885559082
2018-10-10,3.299999952316284
2018-10-11,3.200000047683716
2018-10-12,3.190000057220459
2018-10-15,3.240000009536743
2018-10-16,3.2899999618530273
2018-10-17,3.1700000762939453
2018-10-18,2.950000047683716
2018-10-19,2.930000066757202
2018-10-22,3.0299999713897705
2018-10-23,2.890000104904175
2018-10-24,2.809999942779541
2018-10-25,2.950000047683716
2018-10-26,2.9200000762939453
2018-10-29,2.8499999046325684
2018-10-30,2.9600000381469727
2018-10-31,3.369999885559082
2018-11-01,3.369999885559082
2018-11-02,3.4700000286102295
2018-11-05,4.090000152587891
2018-11-06,3.700000047683716
2018-11-07,3.8299999237060547
2018-11-08,3.7100000381469727
2018-11-09,3.640000104904175
2018-11-12,3.3299999237060547
2018-11-13,3.180000066757202
2018-11-14,3.0799999237060547
2018-11-15,3.299999952316284
2018-11-16,3.2300000190734863
2018-11-19,3.190000057220459
2018-11-20,3.180000066757202
2018-11-21,3.25
2018-11-23,3.130000114440918
2018-11-26,3.0799999237060547
2018-11-27,3.0899999141693115
2018-11-28,3.2100000381469727
2018-11-29,3.140000104904175
2018-11-30,3.2799999713897705
2018-12-03,3.430000066757202
2018-12-04,3.180000066757202
2018-12-06,3.25
2018-12-07,3.4100000858306885
2018-12-10,3.549999952316284
2018-12-11,3.5299999713897705
2018-12-12,3.6600000858306885
2018-12-13,3.5999999046325684
2018-12-14,3.5
2018-12-17,3.140000104904175
2018-12-18,3.200000047683716
2018-12-19,3.1700000762939453
2018-12-20,2.990000009536743
2018-12-21,2.75
2018-12-24,2.5799999237060547
2018-12-26,2.799999952316284
2018-12-27,2.75
2018-12-28,2.7200000286102295
2018-12-31,2.8499999046325684
2019-01-02,2.7799999713897705
2019-01-03,2.799999952316284
2019-01-04,3.0199999809265137
2019-01-07,3.0899999141693115
2019-01-08,3.0399999618530273
2019-01-09,3.190000057220459
2019-01-10,3.119999885559082
2019-01-11,3.0199999809265137
2019-01-14,2.9100000858306885
2019-01-15,2.9600000381469727
2019-01-16,2.859999895095825
2019-01-17,2.869999885559082
2019-01-18,2.9100000858306885
2019-01-22,2.680000066757202
2019-01-23,2.7200000286102295
2019-01-24,2.7200000286102295
2019-01-25,2.9100000858306885
2019-01-28,2.819999933242798
2019-01-29,2.880000114440918
2019-01-30,2.9000000953674316
2019-01-31,2.859999895095825
2019-02-01,2.930000066757202
2019-02-04,3.109999895095825
2019-02-05,3.359999895095825
2019-02-06,3.1500000953674316
2019-02-07,3.130000114440918
2019-02-08,3.0
2019-02-11,3.049999952316284
2019-02-12,3.0299999713897705
2019-02-13,2.930000066757202
2019-02-14,3.0399999618530273
2019-02-15,3.0199999809265137
2019-02-19,2.950000047683716
2019-02-20,2.9800000190734863
2019-02-21,3.0299999713897705
2019-02-22,3.0199999809265137
2019-02-25,3.009999990463257
2019-02-26,3.130000114440918
2019-02-27,3.109999895095825
2019-02-28,3.069999933242798
2019-03-01,3.049999952316284
2019-03-04,2.940000057220459
2019-03-05,2.9000000953674316
2019-03-06,2.859999895095825
2019-03-07,2.7699999809265137
2019-03-08,2.819999933242798
2019-03-11,2.740000009536743
2019-03-12,2.680000066757202
2019-03-13,2.990000009536743
2019-03-14,3.0799999237060547
2019-03-15,3.2100000381469727
2019-03-18,3.1700000762939453
2019-03-19,3.259999990463257
2019-03-20,3.2799999713897705
2019-03-21,3.240000009536743
2019-03-22,3.1600000858306885
2019-03-25,3.190000057220459
2019-03-26,3.319999933242798
2019-03-27,3.2799999713897705
2019-03-28,3.309999942779541
2019-03-29,3.3299999237060547
2019-04-01,3.4600000381469727
2019-04-02,3.549999952316284
2019-04-03,3.5899999141693115
2019-04-04,3.609999895095825
2019-04-05,3.640000104904175
2019-04-08,3.609999895095825
2019-04-09,3.5799999237060547
2019-04-10,3.5899999141693115
2019-04-11,3.4100000858306885
2019-04-12,3.2899999618530273
2019-04-15,3.1500000953674316
2019-04-16,3.0399999618530273
2019-04-17,3.119999885559082
2019-04-18,3.130000114440918
2019-04-22,3.0999999046325684
2019-04-23,3.130000114440918
2019-04-24,3.0199999809265137
2019-04-25,3.049999952316284
2019-04-26,3.0799999237060547
2019-04-29,3.0299999713897705
2019-04-30,3.0
2019-05-01,2.9600000381469727
2019-05-02,2.9100000858306885
2019-05-03,2.990000009536743
2019-05-06,2.930000066757202
2019-05-07,2.9100000858306885
2019-05-08,2.799999952316284
2019-05-09,2.759999990463257
2019-05-10,2.7100000381469727
2019-05-13,2.630000114440918
2019-05-14,2.5899999141693115
2019-05-15,2.690000057220459
2019-05-16,2.7799999713897705
2019-05-17,2.75
2019-05-20,2.759999990463257
2019-05-21,2.75
2019-05-22,2.6600000858306885
2019-05-23,2.7200000286102295
2019-05-24,2.5999999046325684
2019-05-28,2.5399999618530273
2019-05-29,2.549999952316284
2019-05-30,2.559999942779541
2019-05-31,2.7200000286102295
2019-06-03,2.7799999713897705
2019-06-04,2.8399999141693115
2019-06-05,2.869999885559082
2019-06-06,2.930000066757202
2019-06-07,3.009999990463257
2019-06-10,3.069999933242798
2019-06-11,3.0799999237060547
2019-06-12,3.0399999618530273
2019-06-13,3.130000114440918
2019-06-14,3.130000114440918
2019-06-17,3.119999885559082
2019-06-18,3.140000104904175
2019-06-19,3.1500000953674316
2019-06-20,3.180000066757202
2019-06-21,3.2300000190734863
2019-06-24,3.0199999809265137
2019-06-25,2.9000000953674316
2019-06-26,2.930000066757202
2019-06-27,2.930000066757202
2019-06-28,3.130000114440918
2019-07-01,3.0899999141693115
2019-07-02,3.009999990463257
2019-07-03,2.9600000381469727
2019-07-05,3.0399999618530273
2019-07-08,3.0899999141693115
2019-07-09,3.180000066757202
2019-07-10,3.049999952316284
2019-07-11,3.0399999618530273
2019-07-12,1.9299999475479126
2019-07-15,1.9199999570846558
2019-07-16,2.049999952316284
2019-07-17,2.0299999713897705
2019-07-18,1.9500000476837158
2019-07-19,1.9700000286102295
2019-07-22,1.8899999856948853
2019-07-23,1.809999942779541
2019-07-24,1.8700000047683716
2019-07-25,1.7899999618530273
2019-07-26,1.909999966621399
2019-07-29,1.840000033378601
2019-07-30,1.850000023841858
2019-07-31,1.8200000524520874
2019-08-01,1.7699999809265137
2019-08-02,1.7300000190734863
2019-08-05,1.7200000286102295
2019-08-06,1.6100000143051147
2019-08-07,1.5499999523162842
2019-08-08,1.6299999952316284
2019-08-09,1.5800000429153442
2019-08-12,1.6699999570846558
2019-08-13,1.649999976158142
2019-08-14,1.5700000524520874
2019-08-15,1.5399999618530273
2019-08-16,1.5800000429153442
2019-08-19,1.649999976158142
2019-08-20,1.7000000476837158
2019-08-21,1.7400000095367432
2019-08-22,1.7100000381469727
2019-08-23,1.649999976158142
2019-08-26,1.7000000476837158
2019-08-27,1.659999966621399
2019-08-28,1.7599999904632568
2019-08-29,1.75
2019-08-30,1.8300000429153442
2019-09-03,1.8799999952316284
2019-09-04,1.8799999952316284
2019-09-05,1.8600000143051147
2019-09-06,2.009999990463257
2019-09-09,1.9900000095367432
2019-09-10,2.009999990463257
2019-09-11,2.0299999713897705
2019-09-12,2.059999942779541
2019-09-13,2.059999942779541
2019-09-16,2.069999933242798
2019-09-17,2.059999942779541
2019-09-18,2.0299999713897705
2019-09-19,2.049999952316284
2019-09-20,1.9800000190734863
2019-09-23,2.069999933242798
2019-09-24,1.9900000095367432
2019-09-25,1.9800000190734863
2019-09-26,1.9900000095367432
2019-09-27,1.9199999570846558
2019-09-30,1.9299999475479126
2019-10-01,1.8700000047683716
2019-10-02,1.840000033378601
2019-10-03,1.8899999856948853
2019-10-04,1.9800000190734863
2019-10-07,1.9299999475479126
2019-10-08,1.9800000190734863
2019-10-09,1.9700000286102295
2019-10-10,2.0399999618530273
2019-10-11,1.9900000095367432
2019-10-14,1.9700000286102295
2019-10-15,1.8600000143051147
2019-10-16,1.840000033378601
2019-10-17,1.9600000381469727
2019-10-18,1.9299999475479126
2019-10-21,1.8799999952316284
2019-10-22,1.8799999952316284
2019-10-23,1.9700000286102295
2019-10-24,1.940000057220459
2019-10-25,1.940000057220459
2019-10-28,1.9800000190734863
2019-10-29,1.9800000190734863
2019-10-30,2.069999933242798
2019-10-31,2.009999990463257
2019-11-01,2.0
2019-11-04,2.0899999141693115
2019-11-05,2.069999933242798
2019-11-06,2.0299999713897705
2019-11-07,1.9800000190734863
2019-11-08,1.909999966621399
2019-11-11,1.9600000381469727
2019-11-12,1.9700000286102295
2019-11-13,2.049999952316284
2019-11-14,2.059999942779541
2019-11-15,2.049999952316284
2019-11-18,2.059999942779541
2019-11-19,1.9900000095367432
2019-11-20,2.009999990463257
2019-11-21,2.0199999809265137
2019-11-22,2.0199999809265137
2019-11-25,1.9700000286102295
2019-11-26,1.9700000286102295
2019-11-27,1.9900000095367432
2019-11-29,1.9800000190734863
2019-12-02,1.899999976158142
2019-12-03,1.850000023841858
2019-12-04,1.899999976158142
2019-12-05,2.180000066757202
2019-12-06,2.25
2019-12-09,2.180000066757202
2019-12-10,2.0899999141693115
2019-12-11,2.109999895095825
2019-12-12,2.059999942779541
2019-12-13,1.9500000476837158
2019-12-16,1.899999976158142
2019-12-17,1.8300000429153442
2019-12-18,1.8600000143051147
2019-12-19,1.8700000047683716
2019-12-20,1.8799999952316284
2019-12-23,1.8700000047683716
2019-12-24,1.8799999952316284
2019-12-26,1.8600000143051147
2019-12-27,1.8600000143051147
2019-12-30,1.850000023841858
2019-12-31,1.909999966621399
2020-01-02,1.8700000047683716
2020-01-03,1.899999976158142
2020-01-06,1.8799999952316284
2020-01-07,1.840000033378601
2020-01-08,1.7599999904632568
2020-01-09,1.75
2020-01-10,1.7100000381469727
2020-01-13,1.7899999618530273
2020-01-14,1.7699999809265137
2020-01-15,1.7999999523162842
2020-01-16,1.809999942779541
2020-01-17,1.7300000190734863
2020-01-21,1.649999976158142
2020-01-22,1.659999966621399
2020-01-23,1.649999976158142
2020-01-24,1.6200000047683716
2020-01-27,1.6100000143051147
2020-01-28,1.5199999809265137
2020-01-29,1.4700000286102295
2020-01-30,1.4800000190734863
2020-01-31,1.4199999570846558
2020-02-03,1.6399999856948853
2020-02-04,1.7000000476837158
2020-02-05,1.7300000190734863
2020-02-06,1.659999966621399
2020-02-07,1.6299999952316284
2020-02-10,1.6100000143051147
2020-02-11,1.7100000381469727
2020-02-12,1.7200000286102295
2020-02-13,1.7100000381469727
2020-02-14,1.4900000095367432
2020-02-18,1.4299999475479126
2020-02-19,1.440000057220459
2020-02-20,1.3899999856948853
2020-02-21,1.3600000143051147
2020-02-24,1.2899999618530273
2020-02-25,1.159999966621399
2020-02-26,1.149999976158142
2020-02-27,1.090000033378601
2020-02-28,1.1799999475479126
2020-03-02,1.2799999713897705
2020-03-03,1.2999999523162842
2020-03-04,1.3300000429153442
2020-03-05,1.2899999618530273
2020-03-06,1.2300000190734863
2020-03-09,1.0700000524520874
2020-03-10,1.1299999952316284
2020-03-11,1.0199999809265137
2020-03-12,0.8500000238418579
2020-03-13,0.9300000071525574
2020-03-16,0.8500000238418579
2020-03-17,0.9900000095367432
2020-03-18,0.8999999761581421
2020-03-19,0.9800000190734863
2020-03-20,0.9399999976158142
2020-03-23,0.8700000047683716
2020-03-24,0.9800000190734863
2020-03-25,1.0
2020-03-26,1.0299999713897705
2020-03-27,0.9599999785423279
2020-03-30,1.0700000524520874
2020-03-31,1.1799999475479126
2020-04-01,1.1299999952316284
2020-04-02,1.1200000047683716
2020-04-03,1.100000023841858
2020-04-06,1.159999966621399
2020-04-07,1.2899999618530273
2020-04-08,1.309999942779541
2020-04-09,1.2899999618530273
2020-04-13,1.309999942779541
2020-04-14,1.5399999618530273
2020-04-15,1.590000033378601
2020-04-16,1.5399999618530273
2020-04-17,1.590000033378601
2020-04-20,1.6799999475479126
2020-04-21,1.559999942779541
2020-04-22,1.899999976158142
2020-04-23,1.909999966621399
2020-04-24,1.8600000143051147
2020-04-27,1.8600000143051147
2020-04-28,1.809999942779541
2020-04-29,1.8600000143051147
2020-04-30,1.7799999713897705
2020-05-01,1.7999999523162842
2020-05-04,1.690000057220459
2020-05-05,1.7400000095367432
2020-05-06,1.6799999475479126
2020-05-07,1.7000000476837158
2020-05-08,1.75
2020-05-11,1.6799999475479126
2020-05-12,1.5700000524520874
2020-05-13,1.4500000476837158
2020-05-14,1.5199999809265137
2020-05-15,1.6100000143051147
2020-05-18,1.649999976158142
2020-05-19,1.5700000524520874
2020-05-20,1.6299999952316284
2020-05-21,1.6200000047683716
2020-05-22,1.6200000047683716
2020-05-26,1.6299999952316284
2020-05-27,1.6799999475479126
2020-05-28,1.6299999952316284
2020-05-29,1.7200000286102295
2020-06-01,1.6799999475479126
2020-06-02,1.7599999904632568
2020-06-03,1.7100000381469727
2020-06-04,1.6799999475479126
2020-06-05,1.649999976158142
2020-06-08,1.6699999570846558
2020-06-09,1.690000057220459
2020-06-10,1.6299999952316284
2020-06-11,1.5399999618530273
2020-06-12,1.559999942779541
2020-06-15,1.5800000429153442
2020-06-16,1.600000023841858
2020-06-17,1.5700000524520874
2020-06-18,1.5499999523162842
2020-06-19,1.5800000429153442
2020-06-22,1.5800000429153442
2020-06-23,1.5399999618530273
2020-06-24,1.559999942779541
2020-06-25,1.559999942779541
2020-06-26,1.4299999475479126
2020-06-29,1.4600000381469727
2020-06-30,1.5099999904632568
2020-07-01,1.5299999713897705
2020-07-02,1.5
2020-07-06,1.5700000524520874
2020-07-07,1.590000033378601
2020-07-08,1.6100000143051147
2020-07-09,1.5299999713897705
2020-07-10,1.559999942779541
2020-07-13,1.5399999618530273
2020-07-14,1.5399999618530273
2020-07-15,1.5800000429153442
2020-07-16,1.590000033378601
2020-07-17,1.75
2020-07-20,1.809999942779541
2020-07-21,1.8200000524520874
2020-07-22,1.840000033378601
2020-07-23,1.850000023841858
2020-07-24,1.8700000047683716
2020-07-27,1.9500000476837158
2020-07-28,1.850000023841858
2020-07-29,1.7200000286102295
2020-07-30,1.690000057220459
2020-07-31,1.7100000381469727
2020-08-03,1.809999942779541
2020-08-04,1.840000033378601
2020-08-05,1.850000023841858
2020-08-06,1.75
2020-08-07,1.7699999809265137
2020-08-10,1.7699999809265137
2020-08-11,1.6799999475479126
2020-08-12,1.7100000381469727
2020-08-13,1.690000057220459
2020-08-14,1.659999966621399
2020-08-17,1.659999966621399
2020-08-18,1.6799999475479126
2020-08-19,1.7200000286102295
2020-08-20,1.6699999570846558
2020-08-21,1.7100000381469727
2020-08-24,1.690000057220459
2020-08-25,1.7200000286102295
2020-08-26,1.7999999523162842
2020-08-27,1.7999999523162842
2020-08-28,1.899999976158142
2020-08-31,1.8200000524520874
2020-09-01,1.899999976158142
2020-09-02,1.9199999570846558
2020-09-03,1.7899999618530273
2020-09-04,1.7799999713897705
2020-09-08,1.7000000476837158
2020-09-09,1.7899999618530273
2020-09-10,1.7100000381469727
2020-09-11,1.690000057220459
2020-09-14,1.7699999809265137
2020-09-15,1.75
2020-09-16,1.75
2020-09-17,1.7599999904632568
2020-09-18,1.7899999618530273
2020-09-21,1.659999966621399
2020-09-22,1.6799999475479126
2020-09-23,1.5499999523162842
2020-09-24,1.5499999523162842
2020-09-25,1.649999976158142
2020-09-28,1.7200000286102295
2020-09-29,1.7400000095367432
2020-09-30,1.6799999475479126
2020-10-01,1.7400000095367432
2020-10-02,1.6399999856948853
2020-10-05,1.7000000476837158
2020-10-06,1.6699999570846558
2020-10-07,1.75
2020-10-08,1.7000000476837158
2020-10-09,1.7000000476837158
2020-10-12,1.6799999475479126
2020-10-13,1.649999976158142
2020-10-14,1.6699999570846558
2020-10-15,1.6699999570846558
2020-10-16,1.6299999952316284
2020-10-19,1.6100000143051147
2020-10-20,1.6399999856948853
2020-10-21,1.690000057220459
2020-10-22,1.6399999856948853
2020-10-23,1.6100000143051147
2020-10-26,1.559999942779541
2020-10-27,1.559999942779541
2020-10-28,1.4500000476837158
2020-10-29,1.5499999523162842
2020-10-30,1.5099999904632568
2020-11-02,1.4500000476837158
2020-11-03,1.5099999904632568
2020-11-04,1.4900000095367432
2020-11-05,1.6200000047683716
2020-11-06,1.6200000047683716
2020-11-09,1.6200000047683716
2020-11-10,1.7300000190734863
2020-11-11,1.840000033378601
2020-11-12,1.7400000095367432
2020-11-13,1.7300000190734863
2020-11-16,1.8200000524520874
2020-11-17,1.7699999809265137
2020-11-18,1.7999999523162842
2020-11-19,1.8200000524520874
2020-11-20,1.8300000429153442
2020-11-23,1.909999966621399
2020-11-24,2.119999885559082
2020-11-25,2.1500000953674316
2020-11-27,2.009999990463257
2020-11-30,2.0799999237060547
2020-12-01,1.9800000190734863
2020-12-02,2.259999990463257
2020-12-03,2.2100000381469727
2020-12-04,2.5799999237060547
2020-12-07,2.8499999046325684
2020-12-08,2.859999895095825
2020-12-09,2.609999895095825
2020-12-10,3.049999952316284
2020-12-11,3.059999942779541
2020-12-14,3.059999942779541
2020-12-15,3.2799999713897705
2020-12-16,3.140000104904175
2020-12-17,3.569999933242798
2020-12-18,3.490000009536743
2020-12-21,3.430000066757202
2020-12-22,3.630000114440918
2020-12-23,4.070000171661377
2020-12-24,4.150000095367432
2020-12-28,4.449999809265137
2020-12-29,4.25
2020-12-30,4.309999942779541
2020-12-31,4.260000228881836
2021-01-04,3.940000057220459
2021-01-05,4.369999885559082
2021-01-06,4.159999847412109
2021-01-07,4.199999809265137
2021-01-08,4.010000228881836
2021-01-11,3.9600000381469727
2021-01-12,3.759999990463257
2021-01-13,3.990000009536743
2021-01-14,4.21999979019165
2021-01-15,3.9800000190734863
2021-01-19,3.930000066757202
2021-01-20,3.930000066757202
2021-01-21,3.8499999046325684
2021-01-22,3.940000057220459
2021-01-25,3.890000104904175
2021-01-26,4.210000038146973
2021-01-27,4.210000038146973
2021-01-28,3.940000057220459
2021-01-29,3.799999952316284
2021-02-01,4.269999980926514
2021-02-02,4.139999866485596
2021-02-03,4.269999980926514
2021-02-04,4.190000057220459
2021-02-05,4.869999885559082
2021-02-08,5.599999904632568
2021-02-09,5.340000152587891
2021-02-10,5.400000095367432
2021-02-11,5.650000095367432
2021-02-12,5.789999961853027
2021-02-16,6.130000114440918
2021-02-17,6.010000228881836
2021-02-18,5.170000076293945
2021-02-19,5.769999980926514
2021-02-22,5.579999923706055
2021-02-23,5.449999809265137
2021-02-24,5.659999847412109
2021-02-25,5.389999866485596
2021-02-26,5.190000057220459
2021-03-01,5.190000057220459
2021-03-02,6.190000057220459
2021-03-03,5.860000133514404
2021-03-04,5.369999885559082
2021-03-05,5.269999980926514
2021-03-08,4.900000095367432
2021-03-09,5.130000114440918
2021-03-10,5.239999771118164
2021-03-11,5.730000019073486
2021-03-12,5.920000076293945
2021-03-15,7.179999828338623
2021-03-16,7.050000190734863
2021-03-17,7.139999866485596
2021-03-18,6.570000171661377
2021-03-19,6.519999980926514
2021-03-22,6.179999828338623
2021-03-23,5.980000019073486
2021-03-24,5.710000038146973
2021-03-25,5.789999961853027
2021-03-26,6.099999904632568
2021-03-29,5.690000057220459
2021-03-30,5.380000114440918
2021-03-31,5.679999828338623
2021-04-01,5.980000019073486
2021-04-05,6.849999904632568
2021-04-06,6.539999961853027
2021-04-07,6.340000152587891
2021-04-08,6.849999904632568
2021-04-09,6.539999961853027
2021-04-12,5.96999979019165
2021-04-13,5.769999980926514
2021-04-14,5.769999980926514
2021-04-15,5.590000152587891
2021-04-16,5.289999961853027
2021-04-19,5.139999866485596
2021-04-20,5.230000019073486
2021-04-21,5.53000020980835
2021-04-22,5.269999980926514
2021-04-23,5.539999961853027
2021-04-26,5.440000057220459
2021-04-27,5.409999847412109
2021-04-28,5.690000057220459
2021-04-29,5.570000171661377
2021-04-30,5.510000228881836
2021-05-03,6.119999885559082
2021-05-04,5.880000114440918
2021-05-05,6.170000076293945
2021-05-06,5.96999979019165
2021-05-07,6.269999980926514
2021-05-10,5.860000133514404
2021-05-11,5.75
2021-05-12,5.409999847412109
2021-05-13,5.25
2021-05-14,5.699999809265137
2021-05-17,5.940000057220459
2021-05-18,5.889999866485596
2021-05-19,5.949999809265137
2021-05-20,6.070000171661377
2021-05-21,6.070000171661377
2021-05-24,5.909999847412109
2021-05-25,5.820000171661377
2021-05-26,6.380000114440918
2021-05-27,6.809999942779541
2021-05-28,6.489999771118164
2021-06-01,7.179999828338623
2021-06-02,7.119999885559082
2021-06-03,6.900000095367432
2021-06-04,7.03000020980835
2021-06-07,7.289999961853027
2021-06-08,6.989999771118164
2021-06-09,6.789999961853027
2021-06-10,6.909999847412109
2021-06-11,7.03000020980835
2021-06-14,6.369999885559082
2021-06-15,6.599999904632568
2021-06-16,6.820000171661377
2021-06-17,6.369999885559082
2021-06-18,6.230000019073486
2021-06-21,6.260000228881836
2021-06-22,6.230000019073486
2021-06-23,6.25
2021-06-24,6.599999904632568
2021-06-25,6.110000133514404
2021-06-28,6.010000228881836
2021-06-29,5.929999828338623
2021-06-30,6.050000190734863
2021-07-01,6.139999866485596
2021-07-02,6.079999923706055
2021-07-06,5.739999771118164
2021-07-07,5.5
2021-07-08,5.340000152587891
2021-07-09,5.409999847412109
2021-07-12,5.239999771118164
2021-07-13,5.039999961853027
2021-07-14,5.039999961853027
2021-07-15,4.989999771118164
2021-07-16,4.639999866485596
2021-07-19,4.590000152587891
2021-07-20,4.840000152587891
2021-07-21,5.300000190734863
2021-07-22,5.179999828338623
2021-07-23,5.110000133514404
2021-07-26,5.340000152587891
2021-07-27,5.039999961853027
2021-07-28,5.460000038146973
2021-07-29,5.449999809265137
2021-07-30,5.25
2021-08-02,5.150000095367432
2021-08-03,5.260000228881836
2021-08-04,5.03000020980835
2021-08-05,5.199999809265137
2021-08-06,5.269999980926514
2021-08-09,5.28000020980835
2021-08-10,5.489999771118164
2021-08-11,5.409999847412109
2021-08-12,5.269999980926514
2021-08-13,5.099999904632568
2021-08-16,4.769999980926514
2021-08-17,4.670000076293945
2021-08-18,4.75
2021-08-19,4.579999923706055
2021-08-20,4.53000020980835
2021-08-23,4.829999923706055
2021-08-24,4.889999866485596
2021-08-25,4.940000057220459
2021-08-26,4.860000133514404
2021-08-27,5.139999866485596
2021-08-30,5.119999885559082
2021-08-31,5.409999847412109
2021-09-01,5.550000190734863
2021-09-02,6.059999942779541
2021-09-03,6.150000095367432
2021-09-07,6.579999923706055
2021-09-08,6.349999904632568
2021-09-09,6.400000095367432
2021-09-10,6.920000076293945
2021-09-13,7.25
2021-09-14,7.480000019073486
2021-09-15,8.329999923706055
2021-09-16,8.15999984741211
2021-09-17,7.309999942779541
2021-09-20,6.769999980926514
2021-09-21,6.929999828338623
2021-09-22,6.820000171661377
2021-09-23,7.019999980926514
2021-09-24,6.309999942779541
2021-09-27,6.769999980926514
2021-09-28,6.420000076293945
2021-09-29,6.389999866485596
2021-09-30,7.019999980926514
2021-10-01,6.820000171661377
2021-10-04,6.800000190734863
2021-10-05,7.03000020980835
2021-10-06,6.260000228881836
2021-10-07,6.539999961853027
2021-10-08,6.349999904632568
2021-10-11,6.440000057220459
2021-10-12,7.489999771118164
2021-10-13,7.860000133514404
2021-10-14,7.860000133514404
2021-10-15,7.800000190734863
2021-10-18,8.279999732971191
2021-10-19,8.270000457763672
2021-10-20,8.699999809265137
2021-10-21,8.520000457763672
2021-10-22,8.5
2021-10-25,8.770000457763672
2021-10-26,8.800000190734863
2021-10-27,8.130000114440918
2021-10-28,8.180000305175781
2021-10-29,7.840000152587891
2021-11-01,8.40999984741211
2021-11-02,8.550000190734863
2021-11-03,9.770000457763672
2021-11-04,10.15999984741211
2021-11-05,10.279999732971191
2021-11-08,10.859999656677246
2021-11-09,10.970000267028809
2021-11-10,10.4399995803833
2021-11-11,10.979999542236328
2021-11-12,10.989999771118164
2021-11-15,10.270000457763672
2021-11-16,9.850000381469727
2021-11-17,9.890000343322754
2021-11-18,10.050000190734863
2021-11-19,9.180000305175781
2021-11-22,8.9399995803833
2021-11-23,9.449999809265137
2021-11-24,9.399999618530273
2021-11-26,8.899999618530273
2021-11-29,9.289999961853027
2021-11-30,8.710000038146973
2021-12-01,8.470000267028809
2021-12-02,8.710000038146973
2021-12-03,8.0
2021-12-06,8.0
2021-12-07,8.40999984741211
2021-12-08,8.619999885559082
2021-12-09,8.220000267028809
2021-12-10,7.929999828338623
2021-12-13,7.650000095367432
2021-12-14,7.429999828338623
2021-12-15,7.840000152587891
2021-12-16,7.510000228881836
2021-12-17,7.239999771118164
2021-12-20,7.159999847412109
2021-12-21,7.829999923706055
2021-12-22,7.860000133514404
2021-12-23,7.949999809265137
2021-12-27,8.5
2021-12-28,8.149999618530273
2021-12-29,7.920000076293945
2021-12-30,7.599999904632568
2021-12-31,7.630000114440918
2022-01-03,8.489999771118164
2022-01-04,8.520000457763672
2022-01-05,8.59000015258789
2022-01-06,7.840000152587891
2022-01-07,8.350000381469727
2022-01-10,8.140000343322754
2022-01-11,8.149999618530273
2022-01-12,8.010000228881836
2022-01-13,7.210000038146973
2022-01-14,7.150000095367432
2022-01-18,6.659999847412109
2022-01-19,6.789999961853027
2022-01-20,6.599999904632568
2022-01-21,6.210000038146973
2022-01-24,6.28000020980835
2022-01-25,6.25
2022-01-26,5.929999828338623
2022-01-27,5.650000095367432
2022-01-28,5.800000190734863
2022-01-31,6.170000076293945
2022-02-01,6.619999885559082
2022-02-02,6.480000019073486
2022-02-03,6.159999847412109
2022-02-04,6.380000114440918
2022-02-07,6.510000228881836
2022-02-08,6.610000133514404
2022-02-09,7.230000019073486
2022-02-10,7.019999980926514
2022-02-11,6.809999942779541
2022-02-14,6.639999866485596
2022-02-15,6.920000076293945
2022-02-16,6.809999942779541
2022-02-17,6.510000228881836
2022-02-18,6.230000019073486
2022-02-22,6.230000019073486
2022-02-23,6.429999828338623
2022-02-24,7.230000019073486
2022-02-25,7.519999980926514
2022-02-28,8.170000076293945
2022-03-01,8.380000114440918
2022-03-02,8.829999923706055
2022-03-03,8.84000015258789
2022-03-04,8.1899995803833
2022-03-07,8.59000015258789
2022-03-08,9.079999923706055
2022-03-09,9.6899995803833
2022-03-10,10.029999732971191
2022-03-11,9.579999923706055
2022-03-14,8.470000267028809
2022-03-15,8.270000457763672
2022-03-16,8.289999961853027
2022-03-17,9.470000267028809
2022-03-18,9.699999809265137
2022-03-21,10.09000015258789
2022-03-22,10.180000305175781
2022-03-23,9.90999984741211
2022-03-24,10.170000076293945
2022-03-25,9.640000343322754
2022-03-28,9.149999618530273
2022-03-29,9.210000038146973
2022-03-30,9.149999618530273
2022-03-31,9.149999618530273
2022-04-01,9.350000381469727
2022-04-04,9.130000114440918
2022-04-05,8.949999809265137
2022-04-06,8.930000305175781
2022-04-07,9.789999961853027
2022-04-08,9.720000267028809
2022-04-11,9.699999809265137
2022-04-12,10.010000228881836
2022-04-13,10.819999694824219
2022-04-14,10.699999809265137
2022-04-18,9.960000038146973
2022-04-19,9.489999771118164
2022-04-20,9.770000457763672
2022-04-21,8.649999618530273
2022-04-22,8.1899995803833
2022-04-25,8.0600004196167
2022-04-26,7.75
2022-04-27,7.639999866485596
2022-04-28,7.78000020980835
2022-04-29,7.510000228881836
2022-05-02,7.360000133514404
2022-05-03,7.539999961853027
2022-05-04,7.710000038146973
2022-05-05,7.079999923706055
2022-05-06,6.909999847412109
2022-05-09,5.860000133514404
2022-05-10,5.820000171661377
2022-05-11,5.46999979019165
2022-05-12,5.239999771118164
2022-05-13,5.840000152587891
2022-05-16,5.920000076293945
2022-05-17,6.519999980926514
2022-05-18,5.880000114440918
2022-05-19,6.010000228881836
2022-05-20,6.059999942779541
2022-05-23,6.320000171661377
2022-05-24,6.119999885559082
2022-05-25,6.25
2022-05-26,6.5
2022-05-27,6.639999866485596
2022-05-31,6.409999847412109
2022-06-01,6.130000114440918
2022-06-02,6.730000019073486
2022-06-03,6.559999942779541
2022-06-06,6.570000171661377
2022-06-07,7.420000076293945
2022-06-08,7.179999828338623
2022-06-09,6.460000038146973
2022-06-10,6.349999904632568
2022-06-13,5.639999866485596
2022-06-14,5.25
2022-06-15,5.519999980926514
2022-06-16,5.21999979019165
2022-06-17,5.25
2022-06-21,5.550000190734863
2022-06-22,5.21999979019165
2022-06-23,5.28000020980835
2022-06-24,5.710000038146973
2022-06-27,5.840000152587891
2022-06-28,5.489999771118164
2022-06-29,5.21999979019165
2022-06-30,4.909999847412109
2022-07-01,5.130000114440918
2022-07-05,4.880000114440918
2022-07-06,4.909999847412109
2022-07-07,5.389999866485596
2022-07-08,5.440000057220459
2022-07-11,5.210000038146973
2022-07-12,5.190000057220459
2022-07-13,5.28000020980835
2022-07-14,5.309999942779541
2022-07-15,5.449999809265137
2022-07-18,5.5
2022-07-19,5.889999866485596
2022-07-20,5.989999771118164
2022-07-21,5.809999942779541
2022-07-22,5.340000152587891
2022-07-25,5.679999828338623
2022-07-26,5.619999885559082
2022-07-27,6.170000076293945
2022-07-28,6.53000020980835
2022-07-29,6.710000038146973
2022-08-01,6.519999980926514
2022-08-02,6.699999809265137
2022-08-03,6.71999979019165
2022-08-04,6.699999809265137
2022-08-05,6.980000019073486
2022-08-08,7.170000076293945
2022-08-09,6.840000152587891
2022-08-10,6.949999809265137
2022-08-11,6.980000019073486
2022-08-12,6.989999771118164
2022-08-15,6.820000171661377
2022-08-16,6.789999961853027
2022-08-17,6.190000057220459
2022-08-18,6.289999961853027
2022-08-19,5.909999847412109
2022-08-22,5.690000057220459
2022-08-23,6.059999942779541
2022-08-24,7.300000190734863
2022-08-25,7.329999923706055
2022-08-26,7.039999961853027
2022-08-29,7.760000228881836
2022-08-30,7.909999847412109
2022-08-31,8.119999885559082
2022-09-01,7.25
2022-09-02,7.239999771118164
2022-09-06,7.199999809265137
2022-09-07,7.300000190734863
2022-09-08,7.670000076293945
2022-09-09,7.679999828338623
2022-09-12,7.559999942779541
2022-09-13,7.139999866485596
2022-09-14,7.239999771118164
2022-09-15,6.730000019073486
2022-09-16,6.510000228881836
2022-09-19,6.699999809265137
2022-09-20,6.380000114440918
2022-09-21,6.25
2022-09-22,5.960000038146973
2022-09-23,5.590000152587891
2022-09-26,5.420000076293945
2022-09-27,5.739999771118164
2022-09-28,6.25
2022-09-29,6.039999961853027
2022-09-30,6.119999885559082
2022-10-03,6.5
2022-10-04,6.820000171661377
2022-10-05,6.889999866485596
2022-10-06,6.809999942779541
2022-10-07,6.75
2022-10-10,6.150000095367432
2022-10-11,6.25
2022-10-12,6.150000095367432
2022-10-13,6.46999979019165
2022-10-14,6.059999942779541
2022-10-17,6.610000133514404
2022-10-18,6.690000057220459
2022-10-19,6.610000133514404
2022-10-20,6.71999979019165
2022-10-21,7.019999980926514
2022-10-24,6.960000038146973
2022-10-25,7.269999980926514
2022-10-26,7.460000038146973
2022-10-27,7.179999828338623
2022-10-28,7.300000190734863
2022-10-31,7.199999809265137
2022-11-01,7.010000228881836
2022-11-02,6.630000114440918
2022-11-03,6.699999809265137
2022-11-04,6.909999847412109
2022-11-07,7.199999809265137
2022-11-08,7.519999980926514
2022-11-09,6.96999979019165
2022-11-10,7.389999866485596
2022-11-11,7.699999809265137
2022-11-14,7.519999980926514
2022-11-15,7.460000038146973
2022-11-16,7.0
2022-11-17,6.989999771118164
2022-11-18,7.019999980926514
2022-11-21,6.739999771118164
2022-11-22,6.840000152587891
2022-11-23,6.880000114440918
2022-11-25,6.809999942779541
2022-11-28,6.340000152587891
2022-11-29,6.449999809265137
2022-11-30,6.940000057220459
2022-12-01,6.75
2022-12-02,6.769999980926514
2022-12-05,6.190000057220459
2022-12-06,5.920000076293945
2022-12-07,5.900000095367432
2022-12-08,6.079999923706055
2022-12-09,5.889999866485596
2022-12-12,6.139999866485596
2022-12-13,6.110000133514404
2022-12-14,5.960000038146973
2022-12-15,5.769999980926514
2022-12-16,5.949999809265137
2022-12-19,5.789999961853027
2022-12-20,5.889999866485596
2022-12-21,6.239999771118164
2022-12-22,6.090000152587891
2022-12-23,6.170000076293945
2022-12-27,6.260000228881836
2022-12-28,6.019999980926514
2022-12-29,6.21999979019165
2022-12-30,6.210000038146973
2023-01-03,6.139999866485596
2023-01-04,6.039999961853027
2023-01-05,6.03000020980835
2023-01-06,6.400000095367432
2023-01-09,6.610000133514404
2023-01-10,6.820000171661377
2023-01-11,6.820000171661377
2023-01-12,6.840000152587891
2023-01-13,6.989999771118164
2023-01-17,6.78000020980835
2023-01-18,6.510000228881836
2023-01-19,6.510000228881836
2023-01-20,6.96999979019165
2023-01-23,7.110000133514404
2023-01-24,7.099999904632568
2023-01-25,7.360000133514404
2023-01-26,7.369999885559082
2023-01-27,7.539999961853027
2023-01-30,7.480000019073486
2023-01-31,7.369999885559082
2023-02-01,7.539999961853027
2023-02-02,7.679999828338623
2023-02-03,7.400000095367432
2023-02-06,7.159999847412109
2023-02-07,7.329999923706055
2023-02-08,7.110000133514404
2023-02-09,7.360000133514404
2023-02-10,7.400000095367432
2023-02-13,7.170000076293945
2023-02-14,7.389999866485596
2023-02-15,7.460000038146973
2023-02-16,7.190000057220459
2023-02-17,7.059999942779541
2023-02-21,6.559999942779541
2023-02-22,6.5
2023-02-23,6.619999885559082
2023-02-24,6.559999942779541
2023-02-27,6.769999980926514
2023-02-28,6.710000038146973
2023-03-01,6.820000171661377
2023-03-02,6.5
2023-03-03,6.670000076293945
2023-03-06,6.449999809265137
2023-03-07,6.099999904632568
2023-03-08,6.150000095367432
2023-03-09,5.78000020980835
2023-03-10,5.519999980926514
2023-03-13,5.590000152587891
2023-03-14,5.5
2023-03-15,5.260000228881836
2023-03-16,5.300000190734863
2023-03-17,5.409999847412109
2023-03-20,5.389999866485596
2023-03-21,5.429999828338623
2023-03-22,5.190000057220459
2023-03-23,5.099999904632568
2023-03-24,4.960000038146973
2023-03-27,5.130000114440918
2023-03-28,5.210000038146973
2023-03-29,5.420000076293945
2023-03-30,5.550000190734863
2023-03-31,5.579999923706055
2023-04-03,5.440000057220459
2023-04-04,5.369999885559082
2023-04-05,5.159999847412109
2023-04-06,5.119999885559082
2023-04-10,5.239999771118164
2023-04-11,5.340000152587891
2023-04-12,5.230000019073486
2023-04-13,5.46999979019165
2023-04-14,5.380000114440918
2023-04-17,5.300000190734863
2023-04-18,5.210000038146973
2023-04-19,5.190000057220459
2023-04-20,5.150000095367432
2023-04-21,5.059999942779541
2023-04-24,5.099999904632568
2023-04-25,5.110000133514404
2023-04-26,5.230000019073486
2023-04-27,5.46999979019165
2023-04-28,5.710000038146973
2023-05-01,5.570000171661377
2023-05-02,5.489999771118164
2023-05-03,5.550000190734863
2023-05-04,5.679999828338623
2023-05-05,5.960000038146973
2023-05-08,6.050000190734863
2023-05-09,6.550000190734863
2023-05-10,6.480000019073486
2023-05-11,5.960000038146973
2023-05-12,6.070000171661377
2023-05-15,6.159999847412109
2023-05-16,5.940000057220459
2023-05-17,6.070000171661377
2023-05-18,6.050000190734863
2023-05-19,5.989999771118164
2023-05-22,6.269999980926514
2023-05-23,6.309999942779541
2023-05-24,6.159999847412109
2023-05-25,5.929999828338623
2023-05-26,5.900000095367432
2023-05-30,5.710000038146973
2023-05-31,5.880000114440918
2023-06-01,6.320000171661377
2023-06-02,6.389999866485596
2023-06-05,6.489999771118164
2023-06-06,6.28000020980835
2023-06-07,6.300000190734863
2023-06-08,6.420000076293945
2023-06-09,6.360000133514404
2023-06-12,6.519999980926514
2023-06-13,6.510000228881836
2023-06-14,6.320000171661377
2023-06-15,6.46999979019165
2023-06-16,6.409999847412109
2023-06-20,6.340000152587891
2023-06-21,6.349999904632568
2023-06-22,6.190000057220459
2023-06-23,6.03000020980835
2023-06-26,6.0
2023-06-27,5.989999771118164
2023-06-28,6.130000114440918
2023-06-29,6.110000133514404
2023-06-30,6.239999771118164
2023-07-03,6.130000114440918
2023-07-05,5.96999979019165
2023-07-06,5.650000095367432
2023-07-07,5.880000114440918
2023-07-10,5.989999771118164
2023-07-11,6.150000095367432
2023-07-12,6.130000114440918
2023-07-13,6.360000133514404
2023-07-14,6.190000057220459
2023-07-17,6.230000019073486
2023-07-18,6.340000152587891
2023-07-19,6.25
2023-07-20,6.039999961853027
2023-07-21,5.960000038146973
2023-07-24,5.929999828338623
2023-07-25,6.139999866485596
2023-07-26,6.070000171661377
2023-07-27,5.869999885559082
2023-07-28,6.0
2023-07-31,6.380000114440918
2023-08-01,6.289999961853027
2023-08-02,6.070000171661377
2023-08-03,6.070000171661377
2023-08-04,6.070000171661377
2023-08-07,6.159999847412109
2023-08-08,6.360000133514404
2023-08-09,6.429999828338623
2023-08-10,6.340000152587891
2023-08-11,6.739999771118164
2023-08-14,6.610000133514404
2023-08-15,6.260000228881836
2023-08-16,6.199999809265137
2023-08-17,6.260000228881836
2023-08-18,6.5
2023-08-21,7.0
2023-08-22,6.880000114440918
2023-08-23,6.980000019073486
2023-08-24,6.829999923706055
2023-08-25,6.820000171661377
2023-08-28,6.929999828338623
2023-08-29,6.96999979019165
2023-08-30,7.190000057220459
2023-08-31,7.130000114440918
2023-09-01,7.239999771118164
2023-09-05,7.550000190734863
2023-09-06,7.389999866485596
2023-09-07,7.329999923706055
2023-09-08,7.360000133514404
2023-09-11,7.480000019073486
2023-09-12,7.429999828338623
2023-09-13,7.849999904632568
2023-09-14,8.079999923706055
2023-09-15,8.420000076293945
2023-09-18,8.619999885559082
2023-09-19,8.180000305175781
2023-09-20,8.020000457763672
2023-09-21,7.889999866485596
2023-09-22,8.199999809265137
2023-09-25,8.9399995803833
2023-09-26,8.630000114440918
2023-09-27,8.470000267028809
2023-09-28,8.789999961853027
2023-09-29,8.220000267028809
2023-10-02,7.670000076293945
2023-10-03,7.599999904632568
2023-10-04,7.369999885559082
2023-10-05,7.550000190734863
2023-10-06,7.690000057220459
2023-10-09,7.539999961853027
2023-10-10,7.820000171661377
2023-10-11,7.590000152587891
2023-10-12,7.420000076293945
2023-10-13,7.539999961853027
2023-10-16,7.25
2023-10-17,7.440000057220459
2023-10-18,7.489999771118164
2023-10-19,7.820000171661377
2023-10-20,7.679999828338623
2023-10-23,7.769999980926514
2023-10-24,7.940000057220459
2023-10-25,7.869999885559082
2023-10-26,7.699999809265137
2023-10-27,7.519999980926514
2023-10-30,7.679999828338623
2023-10-31,8.010000228881836
2023-11-01,8.029999732971191
2023-11-02,8.15999984741211
2023-11-03,7.940000057220459
2023-11-06,7.659999847412109
2023-11-07,7.769999980926514
2023-11-08,7.579999923706055
2023-11-09,7.889999866485596
2023-11-10,7.900000095367432
2023-11-13,8.199999809265137
2023-11-14,8.270000457763672
2023-11-15,8.029999732971191
2023-11-16,8.279999732971191
2023-11-17,8.4399995803833
2023-11-20,8.600000381469727
2023-11-21,8.4399995803833
2023-11-22,8.430000305175781
2023-11-24,8.449999809265137
2023-11-27,8.399999618530273
2023-11-28,8.220000267028809
2023-11-29,7.599999904632568
2023-11-30,7.949999809265137
2023-12-01,7.710000038146973
2023-12-04,7.789999961853027
2023-12-05,7.480000019073486
2023-12-06,7.409999847412109
2023-12-07,7.309999942779541
2023-12-08,7.550000190734863
2023-12-11,7.539999961853027
2023-12-12,7.420000076293945
2023-12-13,7.380000114440918
2023-12-14,7.769999980926514
2023-12-15,7.25
2023-12-18,7.309999942779541
2023-12-19,7.03000020980835
2023-12-20,6.960000038146973
2023-12-21,7.570000171661377
2023-12-22,7.679999828338623
2023-12-26,7.849999904632568
2023-12-27,7.710000038146973
2023-12-28,7.210000038146973
2023-12-29,7.190000057220459
2024-01-02,6.920000076293945
2024-01-03,6.820000171661377
2024-01-04,6.909999847412109
2024-01-05,6.71999979019165
